[
{
    "model": "uploader.patient",
    "pk": "38900a39-809d-4e73-a6e0-7aa51dfc8eba",
    "fields": {
        "gender": "M"
    }
},
{
    "model": "uploader.patient",
    "pk": "569d1178-b454-42eb-aeef-4cb334827c12",
    "fields": {
        "gender": "M"
    }
},
{
    "model": "uploader.patient",
    "pk": "5f25b353-50f9-47e4-a0b6-b01192b0c653",
    "fields": {
        "gender": "M"
    }
},
{
    "model": "uploader.patient",
    "pk": "6d6f1f57-1be8-475b-aec0-1c75a32ffa8c",
    "fields": {
        "gender": "F"
    }
},
{
    "model": "uploader.patient",
    "pk": "87c9603d-fd6f-48bd-82ab-8185fb6d898f",
    "fields": {
        "gender": "M"
    }
},
{
    "model": "uploader.patient",
    "pk": "8895675d-3540-464b-8fb4-99368bf32a39",
    "fields": {
        "gender": "M"
    }
},
{
    "model": "uploader.patient",
    "pk": "941f4fa2-54fc-483e-a4b3-9923dc3f3351",
    "fields": {
        "gender": "M"
    }
},
{
    "model": "uploader.patient",
    "pk": "94927e50-490c-4b64-8812-2ef1607483b5",
    "fields": {
        "gender": "F"
    }
},
{
    "model": "uploader.patient",
    "pk": "bbb60e9b-b048-40ff-9ff7-46cddeeec866",
    "fields": {
        "gender": "F"
    }
},
{
    "model": "uploader.patient",
    "pk": "d14c4d37-af26-4ae8-9e21-565e62270c78",
    "fields": {
        "gender": "F"
    }
},
{
    "model": "uploader.visit",
    "pk": 182,
    "fields": {
        "patient": "38900a39-809d-4e73-a6e0-7aa51dfc8eba",
        "previous_visit": null,
        "patient_age": 21
    }
},
{
    "model": "uploader.visit",
    "pk": 183,
    "fields": {
        "patient": "569d1178-b454-42eb-aeef-4cb334827c12",
        "previous_visit": null,
        "patient_age": 97
    }
},
{
    "model": "uploader.visit",
    "pk": 184,
    "fields": {
        "patient": "d14c4d37-af26-4ae8-9e21-565e62270c78",
        "previous_visit": null,
        "patient_age": 6
    }
},
{
    "model": "uploader.visit",
    "pk": 185,
    "fields": {
        "patient": "94927e50-490c-4b64-8812-2ef1607483b5",
        "previous_visit": null,
        "patient_age": 44
    }
},
{
    "model": "uploader.visit",
    "pk": 186,
    "fields": {
        "patient": "6d6f1f57-1be8-475b-aec0-1c75a32ffa8c",
        "previous_visit": null,
        "patient_age": 55
    }
},
{
    "model": "uploader.visit",
    "pk": 187,
    "fields": {
        "patient": "bbb60e9b-b048-40ff-9ff7-46cddeeec866",
        "previous_visit": null,
        "patient_age": 22
    }
},
{
    "model": "uploader.visit",
    "pk": 188,
    "fields": {
        "patient": "87c9603d-fd6f-48bd-82ab-8185fb6d898f",
        "previous_visit": null,
        "patient_age": 17
    }
},
{
    "model": "uploader.visit",
    "pk": 189,
    "fields": {
        "patient": "941f4fa2-54fc-483e-a4b3-9923dc3f3351",
        "previous_visit": null,
        "patient_age": 57
    }
},
{
    "model": "uploader.visit",
    "pk": 190,
    "fields": {
        "patient": "8895675d-3540-464b-8fb4-99368bf32a39",
        "previous_visit": null,
        "patient_age": 9
    }
},
{
    "model": "uploader.visit",
    "pk": 191,
    "fields": {
        "patient": "5f25b353-50f9-47e4-a0b6-b01192b0c653",
        "previous_visit": null,
        "patient_age": 31
    }
},
{
    "model": "uploader.disease",
    "pk": 1,
    "fields": {
        "name": "Ct_gene_N",
        "description": "Covid cycle threshold N gene detection",
        "alias": "CTs (Gene N)",
        "value_class": "FLOAT"
    }
},
{
    "model": "uploader.disease",
    "pk": 2,
    "fields": {
        "name": "Ct_gene_ORF1ab",
        "description": "Covid cycle threshold for ORF1ab detection",
        "alias": "CTs (Gene ORF)",
        "value_class": "FLOAT"
    }
},
{
    "model": "uploader.disease",
    "pk": 3,
    "fields": {
        "name": "Covid_RT_qPCR",
        "description": "Covid RT qPCR results",
        "alias": "RESULT RT-qPCR",
        "value_class": "STR"
    }
},
{
    "model": "uploader.disease",
    "pk": 4,
    "fields": {
        "name": "covid_suspicious_contact",
        "description": "Suspicious contact of Covid",
        "alias": "Suspicious contact",
        "value_class": "STR"
    }
},
{
    "model": "uploader.disease",
    "pk": 5,
    "fields": {
        "name": "fever",
        "description": "Patient experiences a fever?",
        "alias": "fever",
        "value_class": "BOOL"
    }
},
{
    "model": "uploader.disease",
    "pk": 6,
    "fields": {
        "name": "dyspnoea",
        "description": "Difficult or labored breathing",
        "alias": "dyspnoea",
        "value_class": "BOOL"
    }
},
{
    "model": "uploader.disease",
    "pk": 7,
    "fields": {
        "name": "oxygen_saturation_lt_95",
        "description": "Blood oxygen saturation less than 95%",
        "alias": "O2 Sat <95%",
        "value_class": "BOOL"
    }
},
{
    "model": "uploader.disease",
    "pk": 8,
    "fields": {
        "name": "cough",
        "description": "Patient experiences cough-like symptoms.",
        "alias": "cough",
        "value_class": "BOOL"
    }
},
{
    "model": "uploader.disease",
    "pk": 9,
    "fields": {
        "name": "coryza",
        "description": "Irritation and inflammation of the nasal mucous membrane.",
        "alias": "coryza",
        "value_class": "BOOL"
    }
},
{
    "model": "uploader.disease",
    "pk": 10,
    "fields": {
        "name": "odinophagy",
        "description": "Pain when swallowing.",
        "alias": "odinophagy",
        "value_class": "BOOL"
    }
},
{
    "model": "uploader.disease",
    "pk": 11,
    "fields": {
        "name": "diarrhea",
        "description": "Patient experiences diarrhea.",
        "alias": "diarrhea",
        "value_class": "BOOL"
    }
},
{
    "model": "uploader.disease",
    "pk": 12,
    "fields": {
        "name": "nausea",
        "description": "Patient experiences nausea.",
        "alias": "nausea",
        "value_class": "BOOL"
    }
},
{
    "model": "uploader.disease",
    "pk": 13,
    "fields": {
        "name": "headache",
        "description": "Patient experiences headaches.",
        "alias": "headache",
        "value_class": "BOOL"
    }
},
{
    "model": "uploader.disease",
    "pk": 14,
    "fields": {
        "name": "weakness",
        "description": "Patient experiences weakness or fatigue.",
        "alias": "weakness",
        "value_class": "BOOL"
    }
},
{
    "model": "uploader.disease",
    "pk": 15,
    "fields": {
        "name": "anosmia",
        "description": "Partial or complete loss of smell.",
        "alias": "anosmia",
        "value_class": "BOOL"
    }
},
{
    "model": "uploader.disease",
    "pk": 16,
    "fields": {
        "name": "myalgia",
        "description": "Muscular aches and pains.",
        "alias": "myalgia",
        "value_class": "BOOL"
    }
},
{
    "model": "uploader.disease",
    "pk": 17,
    "fields": {
        "name": "no_appetite",
        "description": "Lack of appetite",
        "alias": "Lack of appetite",
        "value_class": "BOOL"
    }
},
{
    "model": "uploader.disease",
    "pk": 18,
    "fields": {
        "name": "vomiting",
        "description": "Patient experiences vomiting",
        "alias": "vomiting",
        "value_class": "BOOL"
    }
},
{
    "model": "uploader.disease",
    "pk": 19,
    "fields": {
        "name": "chronic_pulmonary_inc_asthma",
        "description": "Chronic pulmonary conditions including asthma",
        "alias": "Chronic pulmonary disease including asthma",
        "value_class": "BOOL"
    }
},
{
    "model": "uploader.disease",
    "pk": 20,
    "fields": {
        "name": "cardiovascular_disease_inc_hypertension",
        "description": "Cardiovascular disease including hypertension.",
        "alias": "Cardiovascular disease including hypertension",
        "value_class": "BOOL"
    }
},
{
    "model": "uploader.disease",
    "pk": 21,
    "fields": {
        "name": "diabetes",
        "description": "Diabetes type 1 & type 2.",
        "alias": "diabetes",
        "value_class": "BOOL"
    }
},
{
    "model": "uploader.disease",
    "pk": 22,
    "fields": {
        "name": "chronic_or_neuromuscular_neurological_disease",
        "description": "Chronic or neuromuscular neurological disease.",
        "alias": "Chronic or neuromuscular neurological disease",
        "value_class": "BOOL"
    }
},
{
    "model": "uploader.symptom",
    "pk": 3761,
    "fields": {
        "visit": 182,
        "disease": 3,
        "days_symptomatic": null,
        "severity": null,
        "disease_value": "Negative"
    }
},
{
    "model": "uploader.symptom",
    "pk": 3762,
    "fields": {
        "visit": 182,
        "disease": 4,
        "days_symptomatic": null,
        "severity": null,
        "disease_value": "True"
    }
},
{
    "model": "uploader.symptom",
    "pk": 3763,
    "fields": {
        "visit": 182,
        "disease": 5,
        "days_symptomatic": null,
        "severity": null,
        "disease_value": "False"
    }
},
{
    "model": "uploader.symptom",
    "pk": 3764,
    "fields": {
        "visit": 182,
        "disease": 6,
        "days_symptomatic": null,
        "severity": null,
        "disease_value": "False"
    }
},
{
    "model": "uploader.symptom",
    "pk": 3765,
    "fields": {
        "visit": 182,
        "disease": 7,
        "days_symptomatic": null,
        "severity": null,
        "disease_value": "False"
    }
},
{
    "model": "uploader.symptom",
    "pk": 3766,
    "fields": {
        "visit": 182,
        "disease": 8,
        "days_symptomatic": null,
        "severity": null,
        "disease_value": "True"
    }
},
{
    "model": "uploader.symptom",
    "pk": 3767,
    "fields": {
        "visit": 182,
        "disease": 9,
        "days_symptomatic": null,
        "severity": null,
        "disease_value": "True"
    }
},
{
    "model": "uploader.symptom",
    "pk": 3768,
    "fields": {
        "visit": 182,
        "disease": 10,
        "days_symptomatic": null,
        "severity": null,
        "disease_value": "False"
    }
},
{
    "model": "uploader.symptom",
    "pk": 3769,
    "fields": {
        "visit": 182,
        "disease": 11,
        "days_symptomatic": null,
        "severity": null,
        "disease_value": "True"
    }
},
{
    "model": "uploader.symptom",
    "pk": 3770,
    "fields": {
        "visit": 182,
        "disease": 12,
        "days_symptomatic": null,
        "severity": null,
        "disease_value": "False"
    }
},
{
    "model": "uploader.symptom",
    "pk": 3771,
    "fields": {
        "visit": 182,
        "disease": 13,
        "days_symptomatic": null,
        "severity": null,
        "disease_value": "True"
    }
},
{
    "model": "uploader.symptom",
    "pk": 3772,
    "fields": {
        "visit": 182,
        "disease": 14,
        "days_symptomatic": null,
        "severity": null,
        "disease_value": "False"
    }
},
{
    "model": "uploader.symptom",
    "pk": 3773,
    "fields": {
        "visit": 182,
        "disease": 15,
        "days_symptomatic": null,
        "severity": null,
        "disease_value": "True"
    }
},
{
    "model": "uploader.symptom",
    "pk": 3774,
    "fields": {
        "visit": 182,
        "disease": 16,
        "days_symptomatic": null,
        "severity": null,
        "disease_value": "False"
    }
},
{
    "model": "uploader.symptom",
    "pk": 3775,
    "fields": {
        "visit": 182,
        "disease": 17,
        "days_symptomatic": null,
        "severity": null,
        "disease_value": "False"
    }
},
{
    "model": "uploader.symptom",
    "pk": 3776,
    "fields": {
        "visit": 182,
        "disease": 18,
        "days_symptomatic": null,
        "severity": null,
        "disease_value": "False"
    }
},
{
    "model": "uploader.symptom",
    "pk": 3777,
    "fields": {
        "visit": 182,
        "disease": 19,
        "days_symptomatic": null,
        "severity": null,
        "disease_value": "False"
    }
},
{
    "model": "uploader.symptom",
    "pk": 3778,
    "fields": {
        "visit": 182,
        "disease": 20,
        "days_symptomatic": null,
        "severity": null,
        "disease_value": "False"
    }
},
{
    "model": "uploader.symptom",
    "pk": 3779,
    "fields": {
        "visit": 182,
        "disease": 21,
        "days_symptomatic": null,
        "severity": null,
        "disease_value": "False"
    }
},
{
    "model": "uploader.symptom",
    "pk": 3780,
    "fields": {
        "visit": 182,
        "disease": 22,
        "days_symptomatic": null,
        "severity": null,
        "disease_value": "False"
    }
},
{
    "model": "uploader.symptom",
    "pk": 3781,
    "fields": {
        "visit": 183,
        "disease": 3,
        "days_symptomatic": null,
        "severity": null,
        "disease_value": "Negative"
    }
},
{
    "model": "uploader.symptom",
    "pk": 3782,
    "fields": {
        "visit": 183,
        "disease": 4,
        "days_symptomatic": null,
        "severity": null,
        "disease_value": "True"
    }
},
{
    "model": "uploader.symptom",
    "pk": 3783,
    "fields": {
        "visit": 183,
        "disease": 5,
        "days_symptomatic": null,
        "severity": null,
        "disease_value": "False"
    }
},
{
    "model": "uploader.symptom",
    "pk": 3784,
    "fields": {
        "visit": 183,
        "disease": 6,
        "days_symptomatic": null,
        "severity": null,
        "disease_value": "False"
    }
},
{
    "model": "uploader.symptom",
    "pk": 3785,
    "fields": {
        "visit": 183,
        "disease": 7,
        "days_symptomatic": null,
        "severity": null,
        "disease_value": "False"
    }
},
{
    "model": "uploader.symptom",
    "pk": 3786,
    "fields": {
        "visit": 183,
        "disease": 8,
        "days_symptomatic": null,
        "severity": null,
        "disease_value": "True"
    }
},
{
    "model": "uploader.symptom",
    "pk": 3787,
    "fields": {
        "visit": 183,
        "disease": 9,
        "days_symptomatic": null,
        "severity": null,
        "disease_value": "True"
    }
},
{
    "model": "uploader.symptom",
    "pk": 3788,
    "fields": {
        "visit": 183,
        "disease": 10,
        "days_symptomatic": null,
        "severity": null,
        "disease_value": "False"
    }
},
{
    "model": "uploader.symptom",
    "pk": 3789,
    "fields": {
        "visit": 183,
        "disease": 11,
        "days_symptomatic": null,
        "severity": null,
        "disease_value": "True"
    }
},
{
    "model": "uploader.symptom",
    "pk": 3790,
    "fields": {
        "visit": 183,
        "disease": 12,
        "days_symptomatic": null,
        "severity": null,
        "disease_value": "False"
    }
},
{
    "model": "uploader.symptom",
    "pk": 3791,
    "fields": {
        "visit": 183,
        "disease": 13,
        "days_symptomatic": null,
        "severity": null,
        "disease_value": "True"
    }
},
{
    "model": "uploader.symptom",
    "pk": 3792,
    "fields": {
        "visit": 183,
        "disease": 14,
        "days_symptomatic": null,
        "severity": null,
        "disease_value": "False"
    }
},
{
    "model": "uploader.symptom",
    "pk": 3793,
    "fields": {
        "visit": 183,
        "disease": 15,
        "days_symptomatic": null,
        "severity": null,
        "disease_value": "True"
    }
},
{
    "model": "uploader.symptom",
    "pk": 3794,
    "fields": {
        "visit": 183,
        "disease": 16,
        "days_symptomatic": null,
        "severity": null,
        "disease_value": "False"
    }
},
{
    "model": "uploader.symptom",
    "pk": 3795,
    "fields": {
        "visit": 183,
        "disease": 17,
        "days_symptomatic": null,
        "severity": null,
        "disease_value": "False"
    }
},
{
    "model": "uploader.symptom",
    "pk": 3796,
    "fields": {
        "visit": 183,
        "disease": 18,
        "days_symptomatic": null,
        "severity": null,
        "disease_value": "False"
    }
},
{
    "model": "uploader.symptom",
    "pk": 3797,
    "fields": {
        "visit": 183,
        "disease": 19,
        "days_symptomatic": null,
        "severity": null,
        "disease_value": "False"
    }
},
{
    "model": "uploader.symptom",
    "pk": 3798,
    "fields": {
        "visit": 183,
        "disease": 20,
        "days_symptomatic": null,
        "severity": null,
        "disease_value": "False"
    }
},
{
    "model": "uploader.symptom",
    "pk": 3799,
    "fields": {
        "visit": 183,
        "disease": 21,
        "days_symptomatic": null,
        "severity": null,
        "disease_value": "False"
    }
},
{
    "model": "uploader.symptom",
    "pk": 3800,
    "fields": {
        "visit": 183,
        "disease": 22,
        "days_symptomatic": null,
        "severity": null,
        "disease_value": "False"
    }
},
{
    "model": "uploader.symptom",
    "pk": 3801,
    "fields": {
        "visit": 184,
        "disease": 3,
        "days_symptomatic": null,
        "severity": null,
        "disease_value": "Negative"
    }
},
{
    "model": "uploader.symptom",
    "pk": 3802,
    "fields": {
        "visit": 184,
        "disease": 4,
        "days_symptomatic": null,
        "severity": null,
        "disease_value": "False"
    }
},
{
    "model": "uploader.symptom",
    "pk": 3803,
    "fields": {
        "visit": 184,
        "disease": 5,
        "days_symptomatic": null,
        "severity": null,
        "disease_value": "True"
    }
},
{
    "model": "uploader.symptom",
    "pk": 3804,
    "fields": {
        "visit": 184,
        "disease": 6,
        "days_symptomatic": null,
        "severity": null,
        "disease_value": "False"
    }
},
{
    "model": "uploader.symptom",
    "pk": 3805,
    "fields": {
        "visit": 184,
        "disease": 7,
        "days_symptomatic": null,
        "severity": null,
        "disease_value": "False"
    }
},
{
    "model": "uploader.symptom",
    "pk": 3806,
    "fields": {
        "visit": 184,
        "disease": 8,
        "days_symptomatic": null,
        "severity": null,
        "disease_value": "True"
    }
},
{
    "model": "uploader.symptom",
    "pk": 3807,
    "fields": {
        "visit": 184,
        "disease": 9,
        "days_symptomatic": null,
        "severity": null,
        "disease_value": "True"
    }
},
{
    "model": "uploader.symptom",
    "pk": 3808,
    "fields": {
        "visit": 184,
        "disease": 10,
        "days_symptomatic": null,
        "severity": null,
        "disease_value": "False"
    }
},
{
    "model": "uploader.symptom",
    "pk": 3809,
    "fields": {
        "visit": 184,
        "disease": 11,
        "days_symptomatic": null,
        "severity": null,
        "disease_value": "False"
    }
},
{
    "model": "uploader.symptom",
    "pk": 3810,
    "fields": {
        "visit": 184,
        "disease": 12,
        "days_symptomatic": null,
        "severity": null,
        "disease_value": "False"
    }
},
{
    "model": "uploader.symptom",
    "pk": 3811,
    "fields": {
        "visit": 184,
        "disease": 13,
        "days_symptomatic": null,
        "severity": null,
        "disease_value": "True"
    }
},
{
    "model": "uploader.symptom",
    "pk": 3812,
    "fields": {
        "visit": 184,
        "disease": 14,
        "days_symptomatic": null,
        "severity": null,
        "disease_value": "True"
    }
},
{
    "model": "uploader.symptom",
    "pk": 3813,
    "fields": {
        "visit": 184,
        "disease": 15,
        "days_symptomatic": null,
        "severity": null,
        "disease_value": "False"
    }
},
{
    "model": "uploader.symptom",
    "pk": 3814,
    "fields": {
        "visit": 184,
        "disease": 16,
        "days_symptomatic": null,
        "severity": null,
        "disease_value": "True"
    }
},
{
    "model": "uploader.symptom",
    "pk": 3815,
    "fields": {
        "visit": 184,
        "disease": 17,
        "days_symptomatic": null,
        "severity": null,
        "disease_value": "False"
    }
},
{
    "model": "uploader.symptom",
    "pk": 3816,
    "fields": {
        "visit": 184,
        "disease": 18,
        "days_symptomatic": null,
        "severity": null,
        "disease_value": "False"
    }
},
{
    "model": "uploader.symptom",
    "pk": 3817,
    "fields": {
        "visit": 184,
        "disease": 19,
        "days_symptomatic": null,
        "severity": null,
        "disease_value": "False"
    }
},
{
    "model": "uploader.symptom",
    "pk": 3818,
    "fields": {
        "visit": 184,
        "disease": 20,
        "days_symptomatic": null,
        "severity": null,
        "disease_value": "False"
    }
},
{
    "model": "uploader.symptom",
    "pk": 3819,
    "fields": {
        "visit": 184,
        "disease": 21,
        "days_symptomatic": null,
        "severity": null,
        "disease_value": "False"
    }
},
{
    "model": "uploader.symptom",
    "pk": 3820,
    "fields": {
        "visit": 184,
        "disease": 22,
        "days_symptomatic": null,
        "severity": null,
        "disease_value": "False"
    }
},
{
    "model": "uploader.symptom",
    "pk": 3821,
    "fields": {
        "visit": 185,
        "disease": 3,
        "days_symptomatic": null,
        "severity": null,
        "disease_value": "Negative"
    }
},
{
    "model": "uploader.symptom",
    "pk": 3822,
    "fields": {
        "visit": 185,
        "disease": 4,
        "days_symptomatic": null,
        "severity": null,
        "disease_value": "False"
    }
},
{
    "model": "uploader.symptom",
    "pk": 3823,
    "fields": {
        "visit": 185,
        "disease": 5,
        "days_symptomatic": null,
        "severity": null,
        "disease_value": "True"
    }
},
{
    "model": "uploader.symptom",
    "pk": 3824,
    "fields": {
        "visit": 185,
        "disease": 6,
        "days_symptomatic": null,
        "severity": null,
        "disease_value": "False"
    }
},
{
    "model": "uploader.symptom",
    "pk": 3825,
    "fields": {
        "visit": 185,
        "disease": 7,
        "days_symptomatic": null,
        "severity": null,
        "disease_value": "False"
    }
},
{
    "model": "uploader.symptom",
    "pk": 3826,
    "fields": {
        "visit": 185,
        "disease": 8,
        "days_symptomatic": null,
        "severity": null,
        "disease_value": "True"
    }
},
{
    "model": "uploader.symptom",
    "pk": 3827,
    "fields": {
        "visit": 185,
        "disease": 9,
        "days_symptomatic": null,
        "severity": null,
        "disease_value": "True"
    }
},
{
    "model": "uploader.symptom",
    "pk": 3828,
    "fields": {
        "visit": 185,
        "disease": 10,
        "days_symptomatic": null,
        "severity": null,
        "disease_value": "False"
    }
},
{
    "model": "uploader.symptom",
    "pk": 3829,
    "fields": {
        "visit": 185,
        "disease": 11,
        "days_symptomatic": null,
        "severity": null,
        "disease_value": "False"
    }
},
{
    "model": "uploader.symptom",
    "pk": 3830,
    "fields": {
        "visit": 185,
        "disease": 12,
        "days_symptomatic": null,
        "severity": null,
        "disease_value": "False"
    }
},
{
    "model": "uploader.symptom",
    "pk": 3831,
    "fields": {
        "visit": 185,
        "disease": 13,
        "days_symptomatic": null,
        "severity": null,
        "disease_value": "True"
    }
},
{
    "model": "uploader.symptom",
    "pk": 3832,
    "fields": {
        "visit": 185,
        "disease": 14,
        "days_symptomatic": null,
        "severity": null,
        "disease_value": "True"
    }
},
{
    "model": "uploader.symptom",
    "pk": 3833,
    "fields": {
        "visit": 185,
        "disease": 15,
        "days_symptomatic": null,
        "severity": null,
        "disease_value": "False"
    }
},
{
    "model": "uploader.symptom",
    "pk": 3834,
    "fields": {
        "visit": 185,
        "disease": 16,
        "days_symptomatic": null,
        "severity": null,
        "disease_value": "True"
    }
},
{
    "model": "uploader.symptom",
    "pk": 3835,
    "fields": {
        "visit": 185,
        "disease": 17,
        "days_symptomatic": null,
        "severity": null,
        "disease_value": "False"
    }
},
{
    "model": "uploader.symptom",
    "pk": 3836,
    "fields": {
        "visit": 185,
        "disease": 18,
        "days_symptomatic": null,
        "severity": null,
        "disease_value": "False"
    }
},
{
    "model": "uploader.symptom",
    "pk": 3837,
    "fields": {
        "visit": 185,
        "disease": 19,
        "days_symptomatic": null,
        "severity": null,
        "disease_value": "False"
    }
},
{
    "model": "uploader.symptom",
    "pk": 3838,
    "fields": {
        "visit": 185,
        "disease": 20,
        "days_symptomatic": null,
        "severity": null,
        "disease_value": "False"
    }
},
{
    "model": "uploader.symptom",
    "pk": 3839,
    "fields": {
        "visit": 185,
        "disease": 21,
        "days_symptomatic": null,
        "severity": null,
        "disease_value": "False"
    }
},
{
    "model": "uploader.symptom",
    "pk": 3840,
    "fields": {
        "visit": 185,
        "disease": 22,
        "days_symptomatic": null,
        "severity": null,
        "disease_value": "False"
    }
},
{
    "model": "uploader.symptom",
    "pk": 3841,
    "fields": {
        "visit": 186,
        "disease": 3,
        "days_symptomatic": null,
        "severity": null,
        "disease_value": "Negative"
    }
},
{
    "model": "uploader.symptom",
    "pk": 3842,
    "fields": {
        "visit": 186,
        "disease": 4,
        "days_symptomatic": null,
        "severity": null,
        "disease_value": "False"
    }
},
{
    "model": "uploader.symptom",
    "pk": 3843,
    "fields": {
        "visit": 186,
        "disease": 5,
        "days_symptomatic": null,
        "severity": null,
        "disease_value": "False"
    }
},
{
    "model": "uploader.symptom",
    "pk": 3844,
    "fields": {
        "visit": 186,
        "disease": 6,
        "days_symptomatic": null,
        "severity": null,
        "disease_value": "False"
    }
},
{
    "model": "uploader.symptom",
    "pk": 3845,
    "fields": {
        "visit": 186,
        "disease": 7,
        "days_symptomatic": null,
        "severity": null,
        "disease_value": "False"
    }
},
{
    "model": "uploader.symptom",
    "pk": 3846,
    "fields": {
        "visit": 186,
        "disease": 8,
        "days_symptomatic": null,
        "severity": null,
        "disease_value": "True"
    }
},
{
    "model": "uploader.symptom",
    "pk": 3847,
    "fields": {
        "visit": 186,
        "disease": 9,
        "days_symptomatic": null,
        "severity": null,
        "disease_value": "True"
    }
},
{
    "model": "uploader.symptom",
    "pk": 3848,
    "fields": {
        "visit": 186,
        "disease": 10,
        "days_symptomatic": null,
        "severity": null,
        "disease_value": "False"
    }
},
{
    "model": "uploader.symptom",
    "pk": 3849,
    "fields": {
        "visit": 186,
        "disease": 11,
        "days_symptomatic": null,
        "severity": null,
        "disease_value": "False"
    }
},
{
    "model": "uploader.symptom",
    "pk": 3850,
    "fields": {
        "visit": 186,
        "disease": 12,
        "days_symptomatic": null,
        "severity": null,
        "disease_value": "False"
    }
},
{
    "model": "uploader.symptom",
    "pk": 3851,
    "fields": {
        "visit": 186,
        "disease": 13,
        "days_symptomatic": null,
        "severity": null,
        "disease_value": "False"
    }
},
{
    "model": "uploader.symptom",
    "pk": 3852,
    "fields": {
        "visit": 186,
        "disease": 14,
        "days_symptomatic": null,
        "severity": null,
        "disease_value": "False"
    }
},
{
    "model": "uploader.symptom",
    "pk": 3853,
    "fields": {
        "visit": 186,
        "disease": 15,
        "days_symptomatic": null,
        "severity": null,
        "disease_value": "False"
    }
},
{
    "model": "uploader.symptom",
    "pk": 3854,
    "fields": {
        "visit": 186,
        "disease": 16,
        "days_symptomatic": null,
        "severity": null,
        "disease_value": "False"
    }
},
{
    "model": "uploader.symptom",
    "pk": 3855,
    "fields": {
        "visit": 186,
        "disease": 17,
        "days_symptomatic": null,
        "severity": null,
        "disease_value": "False"
    }
},
{
    "model": "uploader.symptom",
    "pk": 3856,
    "fields": {
        "visit": 186,
        "disease": 18,
        "days_symptomatic": null,
        "severity": null,
        "disease_value": "False"
    }
},
{
    "model": "uploader.symptom",
    "pk": 3857,
    "fields": {
        "visit": 186,
        "disease": 19,
        "days_symptomatic": null,
        "severity": null,
        "disease_value": "False"
    }
},
{
    "model": "uploader.symptom",
    "pk": 3858,
    "fields": {
        "visit": 186,
        "disease": 20,
        "days_symptomatic": null,
        "severity": null,
        "disease_value": "False"
    }
},
{
    "model": "uploader.symptom",
    "pk": 3859,
    "fields": {
        "visit": 186,
        "disease": 21,
        "days_symptomatic": null,
        "severity": null,
        "disease_value": "False"
    }
},
{
    "model": "uploader.symptom",
    "pk": 3860,
    "fields": {
        "visit": 186,
        "disease": 22,
        "days_symptomatic": null,
        "severity": null,
        "disease_value": "False"
    }
},
{
    "model": "uploader.symptom",
    "pk": 3861,
    "fields": {
        "visit": 187,
        "disease": 1,
        "days_symptomatic": null,
        "severity": null,
        "disease_value": "24.8"
    }
},
{
    "model": "uploader.symptom",
    "pk": 3862,
    "fields": {
        "visit": 187,
        "disease": 2,
        "days_symptomatic": null,
        "severity": null,
        "disease_value": "24.8"
    }
},
{
    "model": "uploader.symptom",
    "pk": 3863,
    "fields": {
        "visit": 187,
        "disease": 3,
        "days_symptomatic": null,
        "severity": null,
        "disease_value": "Positive"
    }
},
{
    "model": "uploader.symptom",
    "pk": 3864,
    "fields": {
        "visit": 187,
        "disease": 4,
        "days_symptomatic": null,
        "severity": null,
        "disease_value": "False"
    }
},
{
    "model": "uploader.symptom",
    "pk": 3865,
    "fields": {
        "visit": 187,
        "disease": 5,
        "days_symptomatic": null,
        "severity": null,
        "disease_value": "False"
    }
},
{
    "model": "uploader.symptom",
    "pk": 3866,
    "fields": {
        "visit": 187,
        "disease": 6,
        "days_symptomatic": null,
        "severity": null,
        "disease_value": "False"
    }
},
{
    "model": "uploader.symptom",
    "pk": 3867,
    "fields": {
        "visit": 187,
        "disease": 7,
        "days_symptomatic": null,
        "severity": null,
        "disease_value": "False"
    }
},
{
    "model": "uploader.symptom",
    "pk": 3868,
    "fields": {
        "visit": 187,
        "disease": 8,
        "days_symptomatic": null,
        "severity": null,
        "disease_value": "False"
    }
},
{
    "model": "uploader.symptom",
    "pk": 3869,
    "fields": {
        "visit": 187,
        "disease": 9,
        "days_symptomatic": null,
        "severity": null,
        "disease_value": "False"
    }
},
{
    "model": "uploader.symptom",
    "pk": 3870,
    "fields": {
        "visit": 187,
        "disease": 10,
        "days_symptomatic": null,
        "severity": null,
        "disease_value": "False"
    }
},
{
    "model": "uploader.symptom",
    "pk": 3871,
    "fields": {
        "visit": 187,
        "disease": 11,
        "days_symptomatic": null,
        "severity": null,
        "disease_value": "False"
    }
},
{
    "model": "uploader.symptom",
    "pk": 3872,
    "fields": {
        "visit": 187,
        "disease": 12,
        "days_symptomatic": null,
        "severity": null,
        "disease_value": "False"
    }
},
{
    "model": "uploader.symptom",
    "pk": 3873,
    "fields": {
        "visit": 187,
        "disease": 13,
        "days_symptomatic": null,
        "severity": null,
        "disease_value": "False"
    }
},
{
    "model": "uploader.symptom",
    "pk": 3874,
    "fields": {
        "visit": 187,
        "disease": 14,
        "days_symptomatic": null,
        "severity": null,
        "disease_value": "False"
    }
},
{
    "model": "uploader.symptom",
    "pk": 3875,
    "fields": {
        "visit": 187,
        "disease": 15,
        "days_symptomatic": null,
        "severity": null,
        "disease_value": "False"
    }
},
{
    "model": "uploader.symptom",
    "pk": 3876,
    "fields": {
        "visit": 187,
        "disease": 16,
        "days_symptomatic": null,
        "severity": null,
        "disease_value": "False"
    }
},
{
    "model": "uploader.symptom",
    "pk": 3877,
    "fields": {
        "visit": 187,
        "disease": 17,
        "days_symptomatic": null,
        "severity": null,
        "disease_value": "False"
    }
},
{
    "model": "uploader.symptom",
    "pk": 3878,
    "fields": {
        "visit": 187,
        "disease": 18,
        "days_symptomatic": null,
        "severity": null,
        "disease_value": "False"
    }
},
{
    "model": "uploader.symptom",
    "pk": 3879,
    "fields": {
        "visit": 187,
        "disease": 19,
        "days_symptomatic": null,
        "severity": null,
        "disease_value": "False"
    }
},
{
    "model": "uploader.symptom",
    "pk": 3880,
    "fields": {
        "visit": 187,
        "disease": 20,
        "days_symptomatic": null,
        "severity": null,
        "disease_value": "False"
    }
},
{
    "model": "uploader.symptom",
    "pk": 3881,
    "fields": {
        "visit": 187,
        "disease": 21,
        "days_symptomatic": null,
        "severity": null,
        "disease_value": "False"
    }
},
{
    "model": "uploader.symptom",
    "pk": 3882,
    "fields": {
        "visit": 187,
        "disease": 22,
        "days_symptomatic": null,
        "severity": null,
        "disease_value": "False"
    }
},
{
    "model": "uploader.symptom",
    "pk": 3883,
    "fields": {
        "visit": 188,
        "disease": 1,
        "days_symptomatic": null,
        "severity": null,
        "disease_value": "18.18"
    }
},
{
    "model": "uploader.symptom",
    "pk": 3884,
    "fields": {
        "visit": 188,
        "disease": 2,
        "days_symptomatic": null,
        "severity": null,
        "disease_value": "18.18"
    }
},
{
    "model": "uploader.symptom",
    "pk": 3885,
    "fields": {
        "visit": 188,
        "disease": 3,
        "days_symptomatic": null,
        "severity": null,
        "disease_value": "Positive"
    }
},
{
    "model": "uploader.symptom",
    "pk": 3886,
    "fields": {
        "visit": 188,
        "disease": 4,
        "days_symptomatic": null,
        "severity": null,
        "disease_value": "False"
    }
},
{
    "model": "uploader.symptom",
    "pk": 3887,
    "fields": {
        "visit": 188,
        "disease": 5,
        "days_symptomatic": null,
        "severity": null,
        "disease_value": "True"
    }
},
{
    "model": "uploader.symptom",
    "pk": 3888,
    "fields": {
        "visit": 188,
        "disease": 6,
        "days_symptomatic": null,
        "severity": null,
        "disease_value": "False"
    }
},
{
    "model": "uploader.symptom",
    "pk": 3889,
    "fields": {
        "visit": 188,
        "disease": 7,
        "days_symptomatic": null,
        "severity": null,
        "disease_value": "False"
    }
},
{
    "model": "uploader.symptom",
    "pk": 3890,
    "fields": {
        "visit": 188,
        "disease": 8,
        "days_symptomatic": null,
        "severity": null,
        "disease_value": "True"
    }
},
{
    "model": "uploader.symptom",
    "pk": 3891,
    "fields": {
        "visit": 188,
        "disease": 9,
        "days_symptomatic": null,
        "severity": null,
        "disease_value": "False"
    }
},
{
    "model": "uploader.symptom",
    "pk": 3892,
    "fields": {
        "visit": 188,
        "disease": 10,
        "days_symptomatic": null,
        "severity": null,
        "disease_value": "True"
    }
},
{
    "model": "uploader.symptom",
    "pk": 3893,
    "fields": {
        "visit": 188,
        "disease": 11,
        "days_symptomatic": null,
        "severity": null,
        "disease_value": "False"
    }
},
{
    "model": "uploader.symptom",
    "pk": 3894,
    "fields": {
        "visit": 188,
        "disease": 12,
        "days_symptomatic": null,
        "severity": null,
        "disease_value": "False"
    }
},
{
    "model": "uploader.symptom",
    "pk": 3895,
    "fields": {
        "visit": 188,
        "disease": 13,
        "days_symptomatic": null,
        "severity": null,
        "disease_value": "False"
    }
},
{
    "model": "uploader.symptom",
    "pk": 3896,
    "fields": {
        "visit": 188,
        "disease": 14,
        "days_symptomatic": null,
        "severity": null,
        "disease_value": "True"
    }
},
{
    "model": "uploader.symptom",
    "pk": 3897,
    "fields": {
        "visit": 188,
        "disease": 15,
        "days_symptomatic": null,
        "severity": null,
        "disease_value": "False"
    }
},
{
    "model": "uploader.symptom",
    "pk": 3898,
    "fields": {
        "visit": 188,
        "disease": 16,
        "days_symptomatic": null,
        "severity": null,
        "disease_value": "False"
    }
},
{
    "model": "uploader.symptom",
    "pk": 3899,
    "fields": {
        "visit": 188,
        "disease": 17,
        "days_symptomatic": null,
        "severity": null,
        "disease_value": "False"
    }
},
{
    "model": "uploader.symptom",
    "pk": 3900,
    "fields": {
        "visit": 188,
        "disease": 18,
        "days_symptomatic": null,
        "severity": null,
        "disease_value": "False"
    }
},
{
    "model": "uploader.symptom",
    "pk": 3901,
    "fields": {
        "visit": 188,
        "disease": 19,
        "days_symptomatic": null,
        "severity": null,
        "disease_value": "False"
    }
},
{
    "model": "uploader.symptom",
    "pk": 3902,
    "fields": {
        "visit": 188,
        "disease": 20,
        "days_symptomatic": null,
        "severity": null,
        "disease_value": "False"
    }
},
{
    "model": "uploader.symptom",
    "pk": 3903,
    "fields": {
        "visit": 188,
        "disease": 21,
        "days_symptomatic": null,
        "severity": null,
        "disease_value": "False"
    }
},
{
    "model": "uploader.symptom",
    "pk": 3904,
    "fields": {
        "visit": 188,
        "disease": 22,
        "days_symptomatic": null,
        "severity": null,
        "disease_value": "False"
    }
},
{
    "model": "uploader.symptom",
    "pk": 3905,
    "fields": {
        "visit": 189,
        "disease": 3,
        "days_symptomatic": null,
        "severity": null,
        "disease_value": "Negative"
    }
},
{
    "model": "uploader.symptom",
    "pk": 3906,
    "fields": {
        "visit": 189,
        "disease": 4,
        "days_symptomatic": null,
        "severity": null,
        "disease_value": "False"
    }
},
{
    "model": "uploader.symptom",
    "pk": 3907,
    "fields": {
        "visit": 189,
        "disease": 5,
        "days_symptomatic": null,
        "severity": null,
        "disease_value": "True"
    }
},
{
    "model": "uploader.symptom",
    "pk": 3908,
    "fields": {
        "visit": 189,
        "disease": 6,
        "days_symptomatic": null,
        "severity": null,
        "disease_value": "False"
    }
},
{
    "model": "uploader.symptom",
    "pk": 3909,
    "fields": {
        "visit": 189,
        "disease": 7,
        "days_symptomatic": null,
        "severity": null,
        "disease_value": "False"
    }
},
{
    "model": "uploader.symptom",
    "pk": 3910,
    "fields": {
        "visit": 189,
        "disease": 8,
        "days_symptomatic": null,
        "severity": null,
        "disease_value": "True"
    }
},
{
    "model": "uploader.symptom",
    "pk": 3911,
    "fields": {
        "visit": 189,
        "disease": 9,
        "days_symptomatic": null,
        "severity": null,
        "disease_value": "True"
    }
},
{
    "model": "uploader.symptom",
    "pk": 3912,
    "fields": {
        "visit": 189,
        "disease": 10,
        "days_symptomatic": null,
        "severity": null,
        "disease_value": "True"
    }
},
{
    "model": "uploader.symptom",
    "pk": 3913,
    "fields": {
        "visit": 189,
        "disease": 11,
        "days_symptomatic": null,
        "severity": null,
        "disease_value": "False"
    }
},
{
    "model": "uploader.symptom",
    "pk": 3914,
    "fields": {
        "visit": 189,
        "disease": 12,
        "days_symptomatic": null,
        "severity": null,
        "disease_value": "True"
    }
},
{
    "model": "uploader.symptom",
    "pk": 3915,
    "fields": {
        "visit": 189,
        "disease": 13,
        "days_symptomatic": null,
        "severity": null,
        "disease_value": "True"
    }
},
{
    "model": "uploader.symptom",
    "pk": 3916,
    "fields": {
        "visit": 189,
        "disease": 14,
        "days_symptomatic": null,
        "severity": null,
        "disease_value": "True"
    }
},
{
    "model": "uploader.symptom",
    "pk": 3917,
    "fields": {
        "visit": 189,
        "disease": 15,
        "days_symptomatic": null,
        "severity": null,
        "disease_value": "False"
    }
},
{
    "model": "uploader.symptom",
    "pk": 3918,
    "fields": {
        "visit": 189,
        "disease": 16,
        "days_symptomatic": null,
        "severity": null,
        "disease_value": "False"
    }
},
{
    "model": "uploader.symptom",
    "pk": 3919,
    "fields": {
        "visit": 189,
        "disease": 17,
        "days_symptomatic": null,
        "severity": null,
        "disease_value": "False"
    }
},
{
    "model": "uploader.symptom",
    "pk": 3920,
    "fields": {
        "visit": 189,
        "disease": 18,
        "days_symptomatic": null,
        "severity": null,
        "disease_value": "False"
    }
},
{
    "model": "uploader.symptom",
    "pk": 3921,
    "fields": {
        "visit": 189,
        "disease": 19,
        "days_symptomatic": null,
        "severity": null,
        "disease_value": "False"
    }
},
{
    "model": "uploader.symptom",
    "pk": 3922,
    "fields": {
        "visit": 189,
        "disease": 20,
        "days_symptomatic": null,
        "severity": null,
        "disease_value": "False"
    }
},
{
    "model": "uploader.symptom",
    "pk": 3923,
    "fields": {
        "visit": 189,
        "disease": 21,
        "days_symptomatic": null,
        "severity": null,
        "disease_value": "False"
    }
},
{
    "model": "uploader.symptom",
    "pk": 3924,
    "fields": {
        "visit": 189,
        "disease": 22,
        "days_symptomatic": null,
        "severity": null,
        "disease_value": "False"
    }
},
{
    "model": "uploader.symptom",
    "pk": 3925,
    "fields": {
        "visit": 190,
        "disease": 3,
        "days_symptomatic": null,
        "severity": null,
        "disease_value": "Negative"
    }
},
{
    "model": "uploader.symptom",
    "pk": 3926,
    "fields": {
        "visit": 190,
        "disease": 4,
        "days_symptomatic": null,
        "severity": null,
        "disease_value": "False"
    }
},
{
    "model": "uploader.symptom",
    "pk": 3927,
    "fields": {
        "visit": 190,
        "disease": 5,
        "days_symptomatic": null,
        "severity": null,
        "disease_value": "False"
    }
},
{
    "model": "uploader.symptom",
    "pk": 3928,
    "fields": {
        "visit": 190,
        "disease": 6,
        "days_symptomatic": null,
        "severity": null,
        "disease_value": "False"
    }
},
{
    "model": "uploader.symptom",
    "pk": 3929,
    "fields": {
        "visit": 190,
        "disease": 7,
        "days_symptomatic": null,
        "severity": null,
        "disease_value": "False"
    }
},
{
    "model": "uploader.symptom",
    "pk": 3930,
    "fields": {
        "visit": 190,
        "disease": 8,
        "days_symptomatic": null,
        "severity": null,
        "disease_value": "True"
    }
},
{
    "model": "uploader.symptom",
    "pk": 3931,
    "fields": {
        "visit": 190,
        "disease": 9,
        "days_symptomatic": null,
        "severity": null,
        "disease_value": "False"
    }
},
{
    "model": "uploader.symptom",
    "pk": 3932,
    "fields": {
        "visit": 190,
        "disease": 10,
        "days_symptomatic": null,
        "severity": null,
        "disease_value": "True"
    }
},
{
    "model": "uploader.symptom",
    "pk": 3933,
    "fields": {
        "visit": 190,
        "disease": 11,
        "days_symptomatic": null,
        "severity": null,
        "disease_value": "False"
    }
},
{
    "model": "uploader.symptom",
    "pk": 3934,
    "fields": {
        "visit": 190,
        "disease": 12,
        "days_symptomatic": null,
        "severity": null,
        "disease_value": "False"
    }
},
{
    "model": "uploader.symptom",
    "pk": 3935,
    "fields": {
        "visit": 190,
        "disease": 13,
        "days_symptomatic": null,
        "severity": null,
        "disease_value": "False"
    }
},
{
    "model": "uploader.symptom",
    "pk": 3936,
    "fields": {
        "visit": 190,
        "disease": 14,
        "days_symptomatic": null,
        "severity": null,
        "disease_value": "False"
    }
},
{
    "model": "uploader.symptom",
    "pk": 3937,
    "fields": {
        "visit": 190,
        "disease": 15,
        "days_symptomatic": null,
        "severity": null,
        "disease_value": "False"
    }
},
{
    "model": "uploader.symptom",
    "pk": 3938,
    "fields": {
        "visit": 190,
        "disease": 16,
        "days_symptomatic": null,
        "severity": null,
        "disease_value": "False"
    }
},
{
    "model": "uploader.symptom",
    "pk": 3939,
    "fields": {
        "visit": 190,
        "disease": 17,
        "days_symptomatic": null,
        "severity": null,
        "disease_value": "False"
    }
},
{
    "model": "uploader.symptom",
    "pk": 3940,
    "fields": {
        "visit": 190,
        "disease": 18,
        "days_symptomatic": null,
        "severity": null,
        "disease_value": "False"
    }
},
{
    "model": "uploader.symptom",
    "pk": 3941,
    "fields": {
        "visit": 190,
        "disease": 19,
        "days_symptomatic": null,
        "severity": null,
        "disease_value": "True"
    }
},
{
    "model": "uploader.symptom",
    "pk": 3942,
    "fields": {
        "visit": 190,
        "disease": 20,
        "days_symptomatic": null,
        "severity": null,
        "disease_value": "False"
    }
},
{
    "model": "uploader.symptom",
    "pk": 3943,
    "fields": {
        "visit": 190,
        "disease": 21,
        "days_symptomatic": null,
        "severity": null,
        "disease_value": "False"
    }
},
{
    "model": "uploader.symptom",
    "pk": 3944,
    "fields": {
        "visit": 190,
        "disease": 22,
        "days_symptomatic": null,
        "severity": null,
        "disease_value": "False"
    }
},
{
    "model": "uploader.symptom",
    "pk": 3945,
    "fields": {
        "visit": 191,
        "disease": 3,
        "days_symptomatic": null,
        "severity": null,
        "disease_value": "Negative"
    }
},
{
    "model": "uploader.symptom",
    "pk": 3946,
    "fields": {
        "visit": 191,
        "disease": 4,
        "days_symptomatic": null,
        "severity": null,
        "disease_value": "False"
    }
},
{
    "model": "uploader.symptom",
    "pk": 3947,
    "fields": {
        "visit": 191,
        "disease": 5,
        "days_symptomatic": null,
        "severity": null,
        "disease_value": "True"
    }
},
{
    "model": "uploader.symptom",
    "pk": 3948,
    "fields": {
        "visit": 191,
        "disease": 6,
        "days_symptomatic": null,
        "severity": null,
        "disease_value": "False"
    }
},
{
    "model": "uploader.symptom",
    "pk": 3949,
    "fields": {
        "visit": 191,
        "disease": 7,
        "days_symptomatic": null,
        "severity": null,
        "disease_value": "False"
    }
},
{
    "model": "uploader.symptom",
    "pk": 3950,
    "fields": {
        "visit": 191,
        "disease": 8,
        "days_symptomatic": null,
        "severity": null,
        "disease_value": "True"
    }
},
{
    "model": "uploader.symptom",
    "pk": 3951,
    "fields": {
        "visit": 191,
        "disease": 9,
        "days_symptomatic": null,
        "severity": null,
        "disease_value": "True"
    }
},
{
    "model": "uploader.symptom",
    "pk": 3952,
    "fields": {
        "visit": 191,
        "disease": 10,
        "days_symptomatic": null,
        "severity": null,
        "disease_value": "True"
    }
},
{
    "model": "uploader.symptom",
    "pk": 3953,
    "fields": {
        "visit": 191,
        "disease": 11,
        "days_symptomatic": null,
        "severity": null,
        "disease_value": "True"
    }
},
{
    "model": "uploader.symptom",
    "pk": 3954,
    "fields": {
        "visit": 191,
        "disease": 12,
        "days_symptomatic": null,
        "severity": null,
        "disease_value": "False"
    }
},
{
    "model": "uploader.symptom",
    "pk": 3955,
    "fields": {
        "visit": 191,
        "disease": 13,
        "days_symptomatic": null,
        "severity": null,
        "disease_value": "False"
    }
},
{
    "model": "uploader.symptom",
    "pk": 3956,
    "fields": {
        "visit": 191,
        "disease": 14,
        "days_symptomatic": null,
        "severity": null,
        "disease_value": "True"
    }
},
{
    "model": "uploader.symptom",
    "pk": 3957,
    "fields": {
        "visit": 191,
        "disease": 15,
        "days_symptomatic": null,
        "severity": null,
        "disease_value": "False"
    }
},
{
    "model": "uploader.symptom",
    "pk": 3958,
    "fields": {
        "visit": 191,
        "disease": 16,
        "days_symptomatic": null,
        "severity": null,
        "disease_value": "False"
    }
},
{
    "model": "uploader.symptom",
    "pk": 3959,
    "fields": {
        "visit": 191,
        "disease": 17,
        "days_symptomatic": null,
        "severity": null,
        "disease_value": "False"
    }
},
{
    "model": "uploader.symptom",
    "pk": 3960,
    "fields": {
        "visit": 191,
        "disease": 18,
        "days_symptomatic": null,
        "severity": null,
        "disease_value": "False"
    }
},
{
    "model": "uploader.symptom",
    "pk": 3961,
    "fields": {
        "visit": 191,
        "disease": 19,
        "days_symptomatic": null,
        "severity": null,
        "disease_value": "False"
    }
},
{
    "model": "uploader.symptom",
    "pk": 3962,
    "fields": {
        "visit": 191,
        "disease": 20,
        "days_symptomatic": null,
        "severity": null,
        "disease_value": "False"
    }
},
{
    "model": "uploader.symptom",
    "pk": 3963,
    "fields": {
        "visit": 191,
        "disease": 21,
        "days_symptomatic": null,
        "severity": null,
        "disease_value": "False"
    }
},
{
    "model": "uploader.symptom",
    "pk": 3964,
    "fields": {
        "visit": 191,
        "disease": 22,
        "days_symptomatic": null,
        "severity": null,
        "disease_value": "False"
    }
},
{
    "model": "uploader.instrument",
    "pk": 1,
    "fields": {
        "spectrometer": "AGILENT_CORY_630",
        "atr_crystal": "ZNSE"
    }
},
{
    "model": "uploader.biosample",
    "pk": 182,
    "fields": {
        "visit": 182,
        "sample_type": "PHARYNGEAL_SWAB",
        "sample_processing": "None",
        "freezing_temp": null,
        "thawing_time": null
    }
},
{
    "model": "uploader.biosample",
    "pk": 183,
    "fields": {
        "visit": 183,
        "sample_type": "PHARYNGEAL_SWAB",
        "sample_processing": "None",
        "freezing_temp": null,
        "thawing_time": null
    }
},
{
    "model": "uploader.biosample",
    "pk": 184,
    "fields": {
        "visit": 184,
        "sample_type": "PHARYNGEAL_SWAB",
        "sample_processing": "None",
        "freezing_temp": null,
        "thawing_time": null
    }
},
{
    "model": "uploader.biosample",
    "pk": 185,
    "fields": {
        "visit": 185,
        "sample_type": "PHARYNGEAL_SWAB",
        "sample_processing": "None",
        "freezing_temp": null,
        "thawing_time": null
    }
},
{
    "model": "uploader.biosample",
    "pk": 186,
    "fields": {
        "visit": 186,
        "sample_type": "PHARYNGEAL_SWAB",
        "sample_processing": "None",
        "freezing_temp": null,
        "thawing_time": null
    }
},
{
    "model": "uploader.biosample",
    "pk": 187,
    "fields": {
        "visit": 187,
        "sample_type": "PHARYNGEAL_SWAB",
        "sample_processing": "None",
        "freezing_temp": null,
        "thawing_time": null
    }
},
{
    "model": "uploader.biosample",
    "pk": 188,
    "fields": {
        "visit": 188,
        "sample_type": "PHARYNGEAL_SWAB",
        "sample_processing": "None",
        "freezing_temp": null,
        "thawing_time": null
    }
},
{
    "model": "uploader.biosample",
    "pk": 189,
    "fields": {
        "visit": 189,
        "sample_type": "PHARYNGEAL_SWAB",
        "sample_processing": "None",
        "freezing_temp": null,
        "thawing_time": null
    }
},
{
    "model": "uploader.biosample",
    "pk": 190,
    "fields": {
        "visit": 190,
        "sample_type": "PHARYNGEAL_SWAB",
        "sample_processing": "None",
        "freezing_temp": null,
        "thawing_time": null
    }
},
{
    "model": "uploader.biosample",
    "pk": 191,
    "fields": {
        "visit": 191,
        "sample_type": "PHARYNGEAL_SWAB",
        "sample_processing": "None",
        "freezing_temp": null,
        "thawing_time": null
    }
},
{
    "model": "uploader.spectraldata",
    "pk": 182,
    "fields": {
        "instrument": 1,
        "bio_sample": 182,
        "spectra_measurement": "ATR_FTIR",
        "acquisition_time": null,
        "n_coadditions": 32,
        "resolution": null,
        "data": "spectral_data/class_uploader.models_xmAxeYA.csv"
    }
},
{
    "model": "uploader.spectraldata",
    "pk": 183,
    "fields": {
        "instrument": 1,
        "bio_sample": 183,
        "spectra_measurement": "ATR_FTIR",
        "acquisition_time": null,
        "n_coadditions": 32,
        "resolution": null,
        "data": "spectral_data/class_uploader.models_10KeXpI.csv"
    }
},
{
    "model": "uploader.spectraldata",
    "pk": 184,
    "fields": {
        "instrument": 1,
        "bio_sample": 184,
        "spectra_measurement": "ATR_FTIR",
        "acquisition_time": null,
        "n_coadditions": 32,
        "resolution": null,
        "data": "spectral_data/class_uploader.models_ls4zY3n.csv"
    }
},
{
    "model": "uploader.spectraldata",
    "pk": 185,
    "fields": {
        "instrument": 1,
        "bio_sample": 185,
        "spectra_measurement": "ATR_FTIR",
        "acquisition_time": null,
        "n_coadditions": 32,
        "resolution": null,
        "data": "spectral_data/class_uploader.models_mBGsBs8.csv"
    }
},
{
    "model": "uploader.spectraldata",
    "pk": 186,
    "fields": {
        "instrument": 1,
        "bio_sample": 186,
        "spectra_measurement": "ATR_FTIR",
        "acquisition_time": null,
        "n_coadditions": 32,
        "resolution": null,
        "data": "spectral_data/class_uploader.models_NsNCGqk.csv"
    }
},
{
    "model": "uploader.spectraldata",
    "pk": 187,
    "fields": {
        "instrument": 1,
        "bio_sample": 187,
        "spectra_measurement": "ATR_FTIR",
        "acquisition_time": null,
        "n_coadditions": 32,
        "resolution": null,
        "data": "spectral_data/class_uploader.models_WV2EsU9.csv"
    }
},
{
    "model": "uploader.spectraldata",
    "pk": 188,
    "fields": {
        "instrument": 1,
        "bio_sample": 188,
        "spectra_measurement": "ATR_FTIR",
        "acquisition_time": null,
        "n_coadditions": 32,
        "resolution": null,
        "data": "spectral_data/class_uploader.models_OhnpBSE.csv"
    }
},
{
    "model": "uploader.spectraldata",
    "pk": 189,
    "fields": {
        "instrument": 1,
        "bio_sample": 189,
        "spectra_measurement": "ATR_FTIR",
        "acquisition_time": null,
        "n_coadditions": 32,
        "resolution": null,
        "data": "spectral_data/class_uploader.models_f5DIAYd.csv"
    }
},
{
    "model": "uploader.spectraldata",
    "pk": 190,
    "fields": {
        "instrument": 1,
        "bio_sample": 190,
        "spectra_measurement": "ATR_FTIR",
        "acquisition_time": null,
        "n_coadditions": 32,
        "resolution": null,
        "data": "spectral_data/class_uploader.models_YvDYPtv.csv"
    }
},
{
    "model": "uploader.spectraldata",
    "pk": 191,
    "fields": {
        "instrument": 1,
        "bio_sample": 191,
        "spectra_measurement": "ATR_FTIR",
        "acquisition_time": null,
        "n_coadditions": 32,
        "resolution": null,
        "data": "spectral_data/class_uploader.models_2FzPcgg.csv"
    }
}
]
