[
{
    "model": "uploader.patient",
    "pk": "0d545f26-2fc8-4c0e-bb2b-557419a6c9f5",
    "fields": {
        "created_at": "2013-09-06T00:00:00+00:00",
        "updated_at": "2013-09-06T00:00:00+00:00",
        "center": "d61f1c2a-9c0a-4309-a031-ab5b8d2106b0"
    }
},
{
    "model": "uploader.patient",
    "pk": "32c203d7-e91b-40d8-8a1f-7efc21a65986",
    "fields": {
        "created_at": "2013-09-06T00:00:00+00:00",
        "updated_at": "2013-09-06T00:00:00+00:00",
        "center": "d61f1c2a-9c0a-4309-a031-ab5b8d2106b0"
    }
},
{
    "model": "uploader.patient",
    "pk": "5a19aa92-1620-4459-990b-92ccfd203a77",
    "fields": {
        "created_at": "2013-09-06T00:00:00+00:00",
        "updated_at": "2013-09-06T00:00:00+00:00",
        "center": "d61f1c2a-9c0a-4309-a031-ab5b8d2106b0"
    }
},
{
    "model": "uploader.patient",
    "pk": "613f660d-2e9f-422f-9f4c-5093b7d5ae2e",
    "fields": {
        "created_at": "2013-09-06T00:00:00+00:00",
        "updated_at": "2013-09-06T00:00:00+00:00",
        "center": "d61f1c2a-9c0a-4309-a031-ab5b8d2106b0"
    }
},
{
    "model": "uploader.patient",
    "pk": "8f18c408-5cbe-43f8-a850-da41a356e01a",
    "fields": {
        "created_at": "2013-09-06T00:00:00+00:00",
        "updated_at": "2013-09-06T00:00:00+00:00",
        "center": "d61f1c2a-9c0a-4309-a031-ab5b8d2106b0"
    }
},
{
    "model": "uploader.patient",
    "pk": "9c4b7f69-b9af-47f7-a5e7-9cfd4354e021",
    "fields": {
        "created_at": "2013-09-06T00:00:00+00:00",
        "updated_at": "2013-09-06T00:00:00+00:00",
        "center": "94762eea-8d53-4251-9f0b-807dd66f97a1"
    }
},
{
    "model": "uploader.patient",
    "pk": "b69ff30d-3e73-46aa-9135-2d184fd90e5a",
    "fields": {
        "created_at": "2013-09-06T00:00:00+00:00",
        "updated_at": "2013-09-06T00:00:00+00:00",
        "center": "94762eea-8d53-4251-9f0b-807dd66f97a1"
    }
},
{
    "model": "uploader.patient",
    "pk": "bc32b8d9-508d-43cc-9ea2-936b71d625e6",
    "fields": {
        "created_at": "2013-09-06T00:00:00+00:00",
        "updated_at": "2013-09-06T00:00:00+00:00",
        "center": "94762eea-8d53-4251-9f0b-807dd66f97a1"
    }
},
{
    "model": "uploader.patient",
    "pk": "e6ae2d34-99fe-4392-bb2e-0c977a9fc0af",
    "fields": {
        "created_at": "2013-09-06T00:00:00+00:00",
        "updated_at": "2013-09-06T00:00:00+00:00",
        "center": "94762eea-8d53-4251-9f0b-807dd66f97a1"
    }
},
{
    "model": "uploader.patient",
    "pk": "ec1d65b8-bf7e-48ce-9186-89ffda275141",
    "fields": {
        "created_at": "2013-09-06T00:00:00+00:00",
        "updated_at": "2013-09-06T00:00:00+00:00",
        "center": "94762eea-8d53-4251-9f0b-807dd66f97a1"
    }
},
{
    "model": "uploader.visit",
    "pk": 1118,
    "fields": {
        "created_at": "2013-09-06T00:00:00+00:00",
        "updated_at": "2013-09-06T00:00:00+00:00",
        "patient": "9c4b7f69-b9af-47f7-a5e7-9cfd4354e021",
        "previous_visit": null
    }
},
{
    "model": "uploader.visit",
    "pk": 1119,
    "fields": {
        "created_at": "2013-09-06T00:00:00+00:00",
        "updated_at": "2013-09-06T00:00:00+00:00",
        "patient": "0d545f26-2fc8-4c0e-bb2b-557419a6c9f5",
        "previous_visit": null
    }
},
{
    "model": "uploader.visit",
    "pk": 1120,
    "fields": {
        "created_at": "2013-09-06T00:00:00+00:00",
        "updated_at": "2013-09-06T00:00:00+00:00",
        "patient": "32c203d7-e91b-40d8-8a1f-7efc21a65986",
        "previous_visit": null
    }
},
{
    "model": "uploader.visit",
    "pk": 1121,
    "fields": {
        "created_at": "2013-09-06T00:00:00+00:00",
        "updated_at": "2013-09-06T00:00:00+00:00",
        "patient": "e6ae2d34-99fe-4392-bb2e-0c977a9fc0af",
        "previous_visit": null
    }
},
{
    "model": "uploader.visit",
    "pk": 1122,
    "fields": {
        "created_at": "2013-09-06T00:00:00+00:00",
        "updated_at": "2013-09-06T00:00:00+00:00",
        "patient": "ec1d65b8-bf7e-48ce-9186-89ffda275141",
        "previous_visit": null
    }
},
{
    "model": "uploader.visit",
    "pk": 1123,
    "fields": {
        "created_at": "2013-09-06T00:00:00+00:00",
        "updated_at": "2013-09-06T00:00:00+00:00",
        "patient": "613f660d-2e9f-422f-9f4c-5093b7d5ae2e",
        "previous_visit": null
    }
},
{
    "model": "uploader.visit",
    "pk": 1124,
    "fields": {
        "created_at": "2013-09-06T00:00:00+00:00",
        "updated_at": "2013-09-06T00:00:00+00:00",
        "patient": "bc32b8d9-508d-43cc-9ea2-936b71d625e6",
        "previous_visit": null
    }
},
{
    "model": "uploader.visit",
    "pk": 1125,
    "fields": {
        "created_at": "2013-09-06T00:00:00+00:00",
        "updated_at": "2013-09-06T00:00:00+00:00",
        "patient": "5a19aa92-1620-4459-990b-92ccfd203a77",
        "previous_visit": null
    }
},
{
    "model": "uploader.visit",
    "pk": 1126,
    "fields": {
        "created_at": "2013-09-06T00:00:00+00:00",
        "updated_at": "2013-09-06T00:00:00+00:00",
        "patient": "b69ff30d-3e73-46aa-9135-2d184fd90e5a",
        "previous_visit": null
    }
},
{
    "model": "uploader.visit",
    "pk": 1127,
    "fields": {
        "created_at": "2013-09-06T00:00:00+00:00",
        "updated_at": "2013-09-06T00:00:00+00:00",
        "patient": "8f18c408-5cbe-43f8-a850-da41a356e01a",
        "previous_visit": null
    }
},
{
    "model": "uploader.observable",
    "pk": 1,
    "fields": {
        "created_at": "2013-09-06T00:00:00+00:00",
        "updated_at": "2013-09-06T00:00:00+00:00",
        "category": "TEST",
        "name": "Ct_gene_N",
        "description": "Covid cycle threshold N gene detection",
        "alias": "CTs (Gene N)",
        "value_class": "FLOAT"
    }
},
{
    "model": "uploader.observable",
    "pk": 2,
    "fields": {
        "created_at": "2013-09-06T00:00:00+00:00",
        "updated_at": "2013-09-06T00:00:00+00:00",
        "category": "TEST",
        "name": "Ct_gene_ORF1ab",
        "description": "Covid cycle threshold for ORF1ab detection",
        "alias": "CTs (Gene ORF)",
        "value_class": "FLOAT"
    }
},
{
    "model": "uploader.observable",
    "pk": 3,
    "fields": {
        "created_at": "2013-09-06T00:00:00+00:00",
        "updated_at": "2013-09-06T00:00:00+00:00",
        "category": "TEST",
        "name": "Covid_RT_qPCR",
        "description": "Covid RT qPCR results",
        "alias": "RESULT RT-qPCR",
        "value_class": "STR"
    }
},
{
    "model": "uploader.observable",
    "pk": 4,
    "fields": {
        "created_at": "2013-09-06T00:00:00+00:00",
        "updated_at": "2013-09-06T00:00:00+00:00",
        "category": "SYMPTOM",
        "name": "covid_suspicious_contact",
        "description": "Suspicious contact of Covid",
        "alias": "Suspicious contact",
        "value_class": "STR"
    }
},
{
    "model": "uploader.observable",
    "pk": 5,
    "fields": {
        "created_at": "2013-09-06T00:00:00+00:00",
        "updated_at": "2013-09-06T00:00:00+00:00",
        "category": "SYMPTOM",
        "name": "fever",
        "description": "Patient experiences a fever?",
        "alias": "fever",
        "value_class": "BOOL"
    }
},
{
    "model": "uploader.observable",
    "pk": 6,
    "fields": {
        "created_at": "2013-09-06T00:00:00+00:00",
        "updated_at": "2013-09-06T00:00:00+00:00",
        "category": "SYMPTOM",
        "name": "dyspnoea",
        "description": "Difficult or labored breathing",
        "alias": "dyspnoea",
        "value_class": "BOOL"
    }
},
{
    "model": "uploader.observable",
    "pk": 7,
    "fields": {
        "created_at": "2013-09-06T00:00:00+00:00",
        "updated_at": "2013-09-06T00:00:00+00:00",
        "category": "VITALS",
        "name": "oxygen_saturation_lt_95",
        "description": "Blood oxygen saturation less than 95%",
        "alias": "O2 Sat <95%",
        "value_class": "BOOL"
    }
},
{
    "model": "uploader.observable",
    "pk": 8,
    "fields": {
        "created_at": "2013-09-06T00:00:00+00:00",
        "updated_at": "2013-09-06T00:00:00+00:00",
        "category": "SYMPTOM",
        "name": "cough",
        "description": "Patient experiences cough-like symptoms.",
        "alias": "cough",
        "value_class": "BOOL"
    }
},
{
    "model": "uploader.observable",
    "pk": 9,
    "fields": {
        "created_at": "2013-09-06T00:00:00+00:00",
        "updated_at": "2013-09-06T00:00:00+00:00",
        "category": "SYMPTOM",
        "name": "coryza",
        "description": "Irritation and inflammation of the nasal mucous membrane.",
        "alias": "coryza",
        "value_class": "BOOL"
    }
},
{
    "model": "uploader.observable",
    "pk": 10,
    "fields": {
        "created_at": "2013-09-06T00:00:00+00:00",
        "updated_at": "2013-09-06T00:00:00+00:00",
        "category": "SYMPTOM",
        "name": "odinophagy",
        "description": "Pain when swallowing.",
        "alias": "odinophagy",
        "value_class": "BOOL"
    }
},
{
    "model": "uploader.observable",
    "pk": 11,
    "fields": {
        "created_at": "2013-09-06T00:00:00+00:00",
        "updated_at": "2013-09-06T00:00:00+00:00",
        "category": "SYMPTOM",
        "name": "diarrhea",
        "description": "Patient experiences diarrhea.",
        "alias": "diarrhea",
        "value_class": "BOOL"
    }
},
{
    "model": "uploader.observable",
    "pk": 12,
    "fields": {
        "created_at": "2013-09-06T00:00:00+00:00",
        "updated_at": "2013-09-06T00:00:00+00:00",
        "category": "SYMPTOM",
        "name": "nausea",
        "description": "Patient experiences nausea.",
        "alias": "nausea",
        "value_class": "BOOL"
    }
},
{
    "model": "uploader.observable",
    "pk": 13,
    "fields": {
        "created_at": "2013-09-06T00:00:00+00:00",
        "updated_at": "2013-09-06T00:00:00+00:00",
        "category": "SYMPTOM",
        "name": "headache",
        "description": "Patient experiences headaches.",
        "alias": "headache",
        "value_class": "BOOL"
    }
},
{
    "model": "uploader.observable",
    "pk": 14,
    "fields": {
        "created_at": "2013-09-06T00:00:00+00:00",
        "updated_at": "2013-09-06T00:00:00+00:00",
        "category": "SYMPTOM",
        "name": "weakness",
        "description": "Patient experiences weakness or fatigue.",
        "alias": "weakness",
        "value_class": "BOOL"
    }
},
{
    "model": "uploader.observable",
    "pk": 15,
    "fields": {
        "created_at": "2013-09-06T00:00:00+00:00",
        "updated_at": "2013-09-06T00:00:00+00:00",
        "category": "SYMPTOM",
        "name": "anosmia",
        "description": "Partial or complete loss of smell.",
        "alias": "anosmia",
        "value_class": "BOOL"
    }
},
{
    "model": "uploader.observable",
    "pk": 16,
    "fields": {
        "created_at": "2013-09-06T00:00:00+00:00",
        "updated_at": "2013-09-06T00:00:00+00:00",
        "category": "SYMPTOM",
        "name": "myalgia",
        "description": "Muscular aches and pains.",
        "alias": "myalgia",
        "value_class": "BOOL"
    }
},
{
    "model": "uploader.observable",
    "pk": 17,
    "fields": {
        "created_at": "2013-09-06T00:00:00+00:00",
        "updated_at": "2013-09-06T00:00:00+00:00",
        "category": "SYMPTOM",
        "name": "no_appetite",
        "description": "Lack of appetite",
        "alias": "Lack of appetite",
        "value_class": "BOOL"
    }
},
{
    "model": "uploader.observable",
    "pk": 18,
    "fields": {
        "created_at": "2013-09-06T00:00:00+00:00",
        "updated_at": "2013-09-06T00:00:00+00:00",
        "category": "SYMPTOM",
        "name": "vomiting",
        "description": "Patient experiences vomiting",
        "alias": "vomiting",
        "value_class": "BOOL"
    }
},
{
    "model": "uploader.observable",
    "pk": 19,
    "fields": {
        "created_at": "2013-09-06T00:00:00+00:00",
        "updated_at": "2013-09-06T00:00:00+00:00",
        "category": "COMORBIDITY",
        "name": "chronic_pulmonary_inc_asthma",
        "description": "Chronic pulmonary conditions including asthma",
        "alias": "Chronic pulmonary disease including asthma",
        "value_class": "BOOL"
    }
},
{
    "model": "uploader.observable",
    "pk": 20,
    "fields": {
        "created_at": "2013-09-06T00:00:00+00:00",
        "updated_at": "2013-09-06T00:00:00+00:00",
        "category": "COMORBIDITY",
        "name": "cardiovascular_disease_inc_hypertension",
        "description": "Cardiovascular disease including hypertension.",
        "alias": "Cardiovascular disease including hypertension",
        "value_class": "BOOL"
    }
},
{
    "model": "uploader.observable",
    "pk": 21,
    "fields": {
        "created_at": "2013-09-06T00:00:00+00:00",
        "updated_at": "2013-09-06T00:00:00+00:00",
        "category": "COMORBIDITY",
        "name": "diabetes",
        "description": "Diabetes type 1 & type 2.",
        "alias": "diabetes",
        "value_class": "BOOL"
    }
},
{
    "model": "uploader.observable",
    "pk": 22,
    "fields": {
        "created_at": "2013-09-06T00:00:00+00:00",
        "updated_at": "2013-09-06T00:00:00+00:00",
        "category": "COMORBIDITY",
        "name": "chronic_or_neuromuscular_neurological_disease",
        "description": "Chronic or neuromuscular neurological disease.",
        "alias": "Chronic or neuromuscular neurological disease",
        "value_class": "BOOL"
    }
},
{
    "model": "uploader.observable",
    "pk": 23,
    "fields": {
        "created_at": "2013-09-06T00:00:00+00:00",
        "updated_at": "2013-09-06T00:00:00+00:00",
        "category": "PATIENT_INFO",
        "name": "patient_age",
        "description": "Patient's age at time of visit (years).",
        "alias": "Age",
        "value_class": "BOOL"
    }
},
{
    "model": "uploader.Observable",
    "pk": 24,
    "fields": {
      "category": "PATIENT_INFO",
      "name": "gender",
      "description": "Patient's gender at time of visit.",
      "alias": "Gender",
      "value_class": "STR",
      "value_choices": "woman, man, transgender woman, transgender man, non-binary, Agender/I don’t identify with any gender, Prefer not to state",
      "created_at": "2013-09-06T00:00:00+00:00",
      "updated_at": "2013-09-06T00:00:00+00:00"
    }
},
{
    "model": "uploader.observation",
    "pk": 23174,
    "fields": {
        "created_at": "2013-09-06T00:00:00+00:00",
        "updated_at": "2013-09-06T00:00:00+00:00",
        "visit": 1118,
        "observable": 3,
        "days_observed": 7,
        "observable_value": "Negative"
    }
},
{
    "model": "uploader.observation",
    "pk": 23175,
    "fields": {
        "created_at": "2013-09-06T00:00:00+00:00",
        "updated_at": "2013-09-06T00:00:00+00:00",
        "visit": 1118,
        "observable": 4,
        "days_observed": 7,
        "observable_value": "True"
    }
},
{
    "model": "uploader.observation",
    "pk": 23176,
    "fields": {
        "created_at": "2013-09-06T00:00:00+00:00",
        "updated_at": "2013-09-06T00:00:00+00:00",
        "visit": 1118,
        "observable": 5,
        "days_observed": 7,
        "observable_value": "False"
    }
},
{
    "model": "uploader.observation",
    "pk": 23177,
    "fields": {
        "created_at": "2013-09-06T00:00:00+00:00",
        "updated_at": "2013-09-06T00:00:00+00:00",
        "visit": 1118,
        "observable": 6,
        "days_observed": 7,
        "observable_value": "False"
    }
},
{
    "model": "uploader.observation",
    "pk": 23178,
    "fields": {
        "created_at": "2013-09-06T00:00:00+00:00",
        "updated_at": "2013-09-06T00:00:00+00:00",
        "visit": 1118,
        "observable": 7,
        "days_observed": 7,
        "observable_value": "False"
    }
},
{
    "model": "uploader.observation",
    "pk": 23179,
    "fields": {
        "created_at": "2013-09-06T00:00:00+00:00",
        "updated_at": "2013-09-06T00:00:00+00:00",
        "visit": 1118,
        "observable": 8,
        "days_observed": 7,
        "observable_value": "True"
    }
},
{
    "model": "uploader.observation",
    "pk": 23180,
    "fields": {
        "created_at": "2013-09-06T00:00:00+00:00",
        "updated_at": "2013-09-06T00:00:00+00:00",
        "visit": 1118,
        "observable": 9,
        "days_observed": 7,
        "observable_value": "True"
    }
},
{
    "model": "uploader.observation",
    "pk": 23181,
    "fields": {
        "created_at": "2013-09-06T00:00:00+00:00",
        "updated_at": "2013-09-06T00:00:00+00:00",
        "visit": 1118,
        "observable": 10,
        "days_observed": 7,
        "observable_value": "False"
    }
},
{
    "model": "uploader.observation",
    "pk": 23182,
    "fields": {
        "created_at": "2013-09-06T00:00:00+00:00",
        "updated_at": "2013-09-06T00:00:00+00:00",
        "visit": 1118,
        "observable": 11,
        "days_observed": 7,
        "observable_value": "True"
    }
},
{
    "model": "uploader.observation",
    "pk": 23183,
    "fields": {
        "created_at": "2013-09-06T00:00:00+00:00",
        "updated_at": "2013-09-06T00:00:00+00:00",
        "visit": 1118,
        "observable": 12,
        "days_observed": 7,
        "observable_value": "False"
    }
},
{
    "model": "uploader.observation",
    "pk": 23184,
    "fields": {
        "created_at": "2013-09-06T00:00:00+00:00",
        "updated_at": "2013-09-06T00:00:00+00:00",
        "visit": 1118,
        "observable": 13,
        "days_observed": 7,
        "observable_value": "True"
    }
},
{
    "model": "uploader.observation",
    "pk": 23185,
    "fields": {
        "created_at": "2013-09-06T00:00:00+00:00",
        "updated_at": "2013-09-06T00:00:00+00:00",
        "visit": 1118,
        "observable": 14,
        "days_observed": 7,
        "observable_value": "False"
    }
},
{
    "model": "uploader.observation",
    "pk": 23186,
    "fields": {
        "created_at": "2013-09-06T00:00:00+00:00",
        "updated_at": "2013-09-06T00:00:00+00:00",
        "visit": 1118,
        "observable": 15,
        "days_observed": 7,
        "observable_value": "True"
    }
},
{
    "model": "uploader.observation",
    "pk": 23187,
    "fields": {
        "created_at": "2013-09-06T00:00:00+00:00",
        "updated_at": "2013-09-06T00:00:00+00:00",
        "visit": 1118,
        "observable": 16,
        "days_observed": 7,
        "observable_value": "False"
    }
},
{
    "model": "uploader.observation",
    "pk": 23188,
    "fields": {
        "created_at": "2013-09-06T00:00:00+00:00",
        "updated_at": "2013-09-06T00:00:00+00:00",
        "visit": 1118,
        "observable": 17,
        "days_observed": 7,
        "observable_value": "False"
    }
},
{
    "model": "uploader.observation",
    "pk": 23189,
    "fields": {
        "created_at": "2013-09-06T00:00:00+00:00",
        "updated_at": "2013-09-06T00:00:00+00:00",
        "visit": 1118,
        "observable": 18,
        "days_observed": 7,
        "observable_value": "False"
    }
},
{
    "model": "uploader.observation",
    "pk": 23190,
    "fields": {
        "created_at": "2013-09-06T00:00:00+00:00",
        "updated_at": "2013-09-06T00:00:00+00:00",
        "visit": 1118,
        "observable": 19,
        "days_observed": 7,
        "observable_value": "False"
    }
},
{
    "model": "uploader.observation",
    "pk": 23191,
    "fields": {
        "created_at": "2013-09-06T00:00:00+00:00",
        "updated_at": "2013-09-06T00:00:00+00:00",
        "visit": 1118,
        "observable": 20,
        "days_observed": 7,
        "observable_value": "False"
    }
},
{
    "model": "uploader.observation",
    "pk": 23192,
    "fields": {
        "created_at": "2013-09-06T00:00:00+00:00",
        "updated_at": "2013-09-06T00:00:00+00:00",
        "visit": 1118,
        "observable": 21,
        "days_observed": 7,
        "observable_value": "False"
    }
},
{
    "model": "uploader.observation",
    "pk": 23193,
    "fields": {
        "created_at": "2013-09-06T00:00:00+00:00",
        "updated_at": "2013-09-06T00:00:00+00:00",
        "visit": 1118,
        "observable": 22,
        "days_observed": 7,
        "observable_value": "False"
    }
},
{
    "model": "uploader.observation",
    "pk": 23194,
    "fields": {
        "created_at": "2013-09-06T00:00:00+00:00",
        "updated_at": "2013-09-06T00:00:00+00:00",
        "visit": 1119,
        "observable": 3,
        "days_observed": 1,
        "observable_value": "Negative"
    }
},
{
    "model": "uploader.observation",
    "pk": 23195,
    "fields": {
        "created_at": "2013-09-06T00:00:00+00:00",
        "updated_at": "2013-09-06T00:00:00+00:00",
        "visit": 1119,
        "observable": 4,
        "days_observed": 1,
        "observable_value": "True"
    }
},
{
    "model": "uploader.observation",
    "pk": 23196,
    "fields": {
        "created_at": "2013-09-06T00:00:00+00:00",
        "updated_at": "2013-09-06T00:00:00+00:00",
        "visit": 1119,
        "observable": 5,
        "days_observed": 1,
        "observable_value": "False"
    }
},
{
    "model": "uploader.observation",
    "pk": 23197,
    "fields": {
        "created_at": "2013-09-06T00:00:00+00:00",
        "updated_at": "2013-09-06T00:00:00+00:00",
        "visit": 1119,
        "observable": 6,
        "days_observed": 1,
        "observable_value": "False"
    }
},
{
    "model": "uploader.observation",
    "pk": 23198,
    "fields": {
        "created_at": "2013-09-06T00:00:00+00:00",
        "updated_at": "2013-09-06T00:00:00+00:00",
        "visit": 1119,
        "observable": 7,
        "days_observed": 1,
        "observable_value": "False"
    }
},
{
    "model": "uploader.observation",
    "pk": 23199,
    "fields": {
        "created_at": "2013-09-06T00:00:00+00:00",
        "updated_at": "2013-09-06T00:00:00+00:00",
        "visit": 1119,
        "observable": 8,
        "days_observed": 1,
        "observable_value": "True"
    }
},
{
    "model": "uploader.observation",
    "pk": 23200,
    "fields": {
        "created_at": "2013-09-06T00:00:00+00:00",
        "updated_at": "2013-09-06T00:00:00+00:00",
        "visit": 1119,
        "observable": 9,
        "days_observed": 1,
        "observable_value": "True"
    }
},
{
    "model": "uploader.observation",
    "pk": 23201,
    "fields": {
        "created_at": "2013-09-06T00:00:00+00:00",
        "updated_at": "2013-09-06T00:00:00+00:00",
        "visit": 1119,
        "observable": 10,
        "days_observed": 1,
        "observable_value": "False"
    }
},
{
    "model": "uploader.observation",
    "pk": 23202,
    "fields": {
        "created_at": "2013-09-06T00:00:00+00:00",
        "updated_at": "2013-09-06T00:00:00+00:00",
        "visit": 1119,
        "observable": 11,
        "days_observed": 1,
        "observable_value": "True"
    }
},
{
    "model": "uploader.observation",
    "pk": 23203,
    "fields": {
        "created_at": "2013-09-06T00:00:00+00:00",
        "updated_at": "2013-09-06T00:00:00+00:00",
        "visit": 1119,
        "observable": 12,
        "days_observed": 1,
        "observable_value": "False"
    }
},
{
    "model": "uploader.observation",
    "pk": 23204,
    "fields": {
        "created_at": "2013-09-06T00:00:00+00:00",
        "updated_at": "2013-09-06T00:00:00+00:00",
        "visit": 1119,
        "observable": 13,
        "days_observed": 1,
        "observable_value": "True"
    }
},
{
    "model": "uploader.observation",
    "pk": 23205,
    "fields": {
        "created_at": "2013-09-06T00:00:00+00:00",
        "updated_at": "2013-09-06T00:00:00+00:00",
        "visit": 1119,
        "observable": 14,
        "days_observed": 1,
        "observable_value": "False"
    }
},
{
    "model": "uploader.observation",
    "pk": 23206,
    "fields": {
        "created_at": "2013-09-06T00:00:00+00:00",
        "updated_at": "2013-09-06T00:00:00+00:00",
        "visit": 1119,
        "observable": 15,
        "days_observed": 1,
        "observable_value": "True"
    }
},
{
    "model": "uploader.observation",
    "pk": 23207,
    "fields": {
        "created_at": "2013-09-06T00:00:00+00:00",
        "updated_at": "2013-09-06T00:00:00+00:00",
        "visit": 1119,
        "observable": 16,
        "days_observed": 1,
        "observable_value": "False"
    }
},
{
    "model": "uploader.observation",
    "pk": 23208,
    "fields": {
        "created_at": "2013-09-06T00:00:00+00:00",
        "updated_at": "2013-09-06T00:00:00+00:00",
        "visit": 1119,
        "observable": 17,
        "days_observed": 1,
        "observable_value": "False"
    }
},
{
    "model": "uploader.observation",
    "pk": 23209,
    "fields": {
        "created_at": "2013-09-06T00:00:00+00:00",
        "updated_at": "2013-09-06T00:00:00+00:00",
        "visit": 1119,
        "observable": 18,
        "days_observed": 1,
        "observable_value": "False"
    }
},
{
    "model": "uploader.observation",
    "pk": 23210,
    "fields": {
        "created_at": "2013-09-06T00:00:00+00:00",
        "updated_at": "2013-09-06T00:00:00+00:00",
        "visit": 1119,
        "observable": 19,
        "days_observed": 1,
        "observable_value": "False"
    }
},
{
    "model": "uploader.observation",
    "pk": 23211,
    "fields": {
        "created_at": "2013-09-06T00:00:00+00:00",
        "updated_at": "2013-09-06T00:00:00+00:00",
        "visit": 1119,
        "observable": 20,
        "days_observed": 1,
        "observable_value": "False"
    }
},
{
    "model": "uploader.observation",
    "pk": 23212,
    "fields": {
        "created_at": "2013-09-06T00:00:00+00:00",
        "updated_at": "2013-09-06T00:00:00+00:00",
        "visit": 1119,
        "observable": 21,
        "days_observed": 1,
        "observable_value": "False"
    }
},
{
    "model": "uploader.observation",
    "pk": 23213,
    "fields": {
        "created_at": "2013-09-06T00:00:00+00:00",
        "updated_at": "2013-09-06T00:00:00+00:00",
        "visit": 1119,
        "observable": 22,
        "days_observed": 1,
        "observable_value": "False"
    }
},
{
    "model": "uploader.observation",
    "pk": 23214,
    "fields": {
        "created_at": "2013-09-06T00:00:00+00:00",
        "updated_at": "2013-09-06T00:00:00+00:00",
        "visit": 1120,
        "observable": 3,
        "days_observed": 2,
        "observable_value": "Negative"
    }
},
{
    "model": "uploader.observation",
    "pk": 23215,
    "fields": {
        "created_at": "2013-09-06T00:00:00+00:00",
        "updated_at": "2013-09-06T00:00:00+00:00",
        "visit": 1120,
        "observable": 4,
        "days_observed": 2,
        "observable_value": "False"
    }
},
{
    "model": "uploader.observation",
    "pk": 23216,
    "fields": {
        "created_at": "2013-09-06T00:00:00+00:00",
        "updated_at": "2013-09-06T00:00:00+00:00",
        "visit": 1120,
        "observable": 5,
        "days_observed": 2,
        "observable_value": "True"
    }
},
{
    "model": "uploader.observation",
    "pk": 23217,
    "fields": {
        "created_at": "2013-09-06T00:00:00+00:00",
        "updated_at": "2013-09-06T00:00:00+00:00",
        "visit": 1120,
        "observable": 6,
        "days_observed": 2,
        "observable_value": "False"
    }
},
{
    "model": "uploader.observation",
    "pk": 23218,
    "fields": {
        "created_at": "2013-09-06T00:00:00+00:00",
        "updated_at": "2013-09-06T00:00:00+00:00",
        "visit": 1120,
        "observable": 7,
        "days_observed": 2,
        "observable_value": "False"
    }
},
{
    "model": "uploader.observation",
    "pk": 23219,
    "fields": {
        "created_at": "2013-09-06T00:00:00+00:00",
        "updated_at": "2013-09-06T00:00:00+00:00",
        "visit": 1120,
        "observable": 8,
        "days_observed": 2,
        "observable_value": "True"
    }
},
{
    "model": "uploader.observation",
    "pk": 23220,
    "fields": {
        "created_at": "2013-09-06T00:00:00+00:00",
        "updated_at": "2013-09-06T00:00:00+00:00",
        "visit": 1120,
        "observable": 9,
        "days_observed": 2,
        "observable_value": "True"
    }
},
{
    "model": "uploader.observation",
    "pk": 23221,
    "fields": {
        "created_at": "2013-09-06T00:00:00+00:00",
        "updated_at": "2013-09-06T00:00:00+00:00",
        "visit": 1120,
        "observable": 10,
        "days_observed": 2,
        "observable_value": "False"
    }
},
{
    "model": "uploader.observation",
    "pk": 23222,
    "fields": {
        "created_at": "2013-09-06T00:00:00+00:00",
        "updated_at": "2013-09-06T00:00:00+00:00",
        "visit": 1120,
        "observable": 11,
        "days_observed": 2,
        "observable_value": "False"
    }
},
{
    "model": "uploader.observation",
    "pk": 23223,
    "fields": {
        "created_at": "2013-09-06T00:00:00+00:00",
        "updated_at": "2013-09-06T00:00:00+00:00",
        "visit": 1120,
        "observable": 12,
        "days_observed": 2,
        "observable_value": "False"
    }
},
{
    "model": "uploader.observation",
    "pk": 23224,
    "fields": {
        "created_at": "2013-09-06T00:00:00+00:00",
        "updated_at": "2013-09-06T00:00:00+00:00",
        "visit": 1120,
        "observable": 13,
        "days_observed": 2,
        "observable_value": "True"
    }
},
{
    "model": "uploader.observation",
    "pk": 23225,
    "fields": {
        "created_at": "2013-09-06T00:00:00+00:00",
        "updated_at": "2013-09-06T00:00:00+00:00",
        "visit": 1120,
        "observable": 14,
        "days_observed": 2,
        "observable_value": "True"
    }
},
{
    "model": "uploader.observation",
    "pk": 23226,
    "fields": {
        "created_at": "2013-09-06T00:00:00+00:00",
        "updated_at": "2013-09-06T00:00:00+00:00",
        "visit": 1120,
        "observable": 15,
        "days_observed": 2,
        "observable_value": "False"
    }
},
{
    "model": "uploader.observation",
    "pk": 23227,
    "fields": {
        "created_at": "2013-09-06T00:00:00+00:00",
        "updated_at": "2013-09-06T00:00:00+00:00",
        "visit": 1120,
        "observable": 16,
        "days_observed": 2,
        "observable_value": "True"
    }
},
{
    "model": "uploader.observation",
    "pk": 23228,
    "fields": {
        "created_at": "2013-09-06T00:00:00+00:00",
        "updated_at": "2013-09-06T00:00:00+00:00",
        "visit": 1120,
        "observable": 17,
        "days_observed": 2,
        "observable_value": "False"
    }
},
{
    "model": "uploader.observation",
    "pk": 23229,
    "fields": {
        "created_at": "2013-09-06T00:00:00+00:00",
        "updated_at": "2013-09-06T00:00:00+00:00",
        "visit": 1120,
        "observable": 18,
        "days_observed": 2,
        "observable_value": "False"
    }
},
{
    "model": "uploader.observation",
    "pk": 23230,
    "fields": {
        "created_at": "2013-09-06T00:00:00+00:00",
        "updated_at": "2013-09-06T00:00:00+00:00",
        "visit": 1120,
        "observable": 19,
        "days_observed": 2,
        "observable_value": "False"
    }
},
{
    "model": "uploader.observation",
    "pk": 23231,
    "fields": {
        "created_at": "2013-09-06T00:00:00+00:00",
        "updated_at": "2013-09-06T00:00:00+00:00",
        "visit": 1120,
        "observable": 20,
        "days_observed": 2,
        "observable_value": "False"
    }
},
{
    "model": "uploader.observation",
    "pk": 23232,
    "fields": {
        "created_at": "2013-09-06T00:00:00+00:00",
        "updated_at": "2013-09-06T00:00:00+00:00",
        "visit": 1120,
        "observable": 21,
        "days_observed": 2,
        "observable_value": "False"
    }
},
{
    "model": "uploader.observation",
    "pk": 23233,
    "fields": {
        "created_at": "2013-09-06T00:00:00+00:00",
        "updated_at": "2013-09-06T00:00:00+00:00",
        "visit": 1120,
        "observable": 22,
        "days_observed": 2,
        "observable_value": "False"
    }
},
{
    "model": "uploader.observation",
    "pk": 23234,
    "fields": {
        "created_at": "2013-09-06T00:00:00+00:00",
        "updated_at": "2013-09-06T00:00:00+00:00",
        "visit": 1121,
        "observable": 3,
        "days_observed": 2,
        "observable_value": "Negative"
    }
},
{
    "model": "uploader.observation",
    "pk": 23235,
    "fields": {
        "created_at": "2013-09-06T00:00:00+00:00",
        "updated_at": "2013-09-06T00:00:00+00:00",
        "visit": 1121,
        "observable": 4,
        "days_observed": 2,
        "observable_value": "False"
    }
},
{
    "model": "uploader.observation",
    "pk": 23236,
    "fields": {
        "created_at": "2013-09-06T00:00:00+00:00",
        "updated_at": "2013-09-06T00:00:00+00:00",
        "visit": 1121,
        "observable": 5,
        "days_observed": 2,
        "observable_value": "True"
    }
},
{
    "model": "uploader.observation",
    "pk": 23237,
    "fields": {
        "created_at": "2013-09-06T00:00:00+00:00",
        "updated_at": "2013-09-06T00:00:00+00:00",
        "visit": 1121,
        "observable": 6,
        "days_observed": 2,
        "observable_value": "False"
    }
},
{
    "model": "uploader.observation",
    "pk": 23238,
    "fields": {
        "created_at": "2013-09-06T00:00:00+00:00",
        "updated_at": "2013-09-06T00:00:00+00:00",
        "visit": 1121,
        "observable": 7,
        "days_observed": 2,
        "observable_value": "False"
    }
},
{
    "model": "uploader.observation",
    "pk": 23239,
    "fields": {
        "created_at": "2013-09-06T00:00:00+00:00",
        "updated_at": "2013-09-06T00:00:00+00:00",
        "visit": 1121,
        "observable": 8,
        "days_observed": 2,
        "observable_value": "True"
    }
},
{
    "model": "uploader.observation",
    "pk": 23240,
    "fields": {
        "created_at": "2013-09-06T00:00:00+00:00",
        "updated_at": "2013-09-06T00:00:00+00:00",
        "visit": 1121,
        "observable": 9,
        "days_observed": 2,
        "observable_value": "True"
    }
},
{
    "model": "uploader.observation",
    "pk": 23241,
    "fields": {
        "created_at": "2013-09-06T00:00:00+00:00",
        "updated_at": "2013-09-06T00:00:00+00:00",
        "visit": 1121,
        "observable": 10,
        "days_observed": 2,
        "observable_value": "False"
    }
},
{
    "model": "uploader.observation",
    "pk": 23242,
    "fields": {
        "created_at": "2013-09-06T00:00:00+00:00",
        "updated_at": "2013-09-06T00:00:00+00:00",
        "visit": 1121,
        "observable": 11,
        "days_observed": 2,
        "observable_value": "False"
    }
},
{
    "model": "uploader.observation",
    "pk": 23243,
    "fields": {
        "created_at": "2013-09-06T00:00:00+00:00",
        "updated_at": "2013-09-06T00:00:00+00:00",
        "visit": 1121,
        "observable": 12,
        "days_observed": 2,
        "observable_value": "False"
    }
},
{
    "model": "uploader.observation",
    "pk": 23244,
    "fields": {
        "created_at": "2013-09-06T00:00:00+00:00",
        "updated_at": "2013-09-06T00:00:00+00:00",
        "visit": 1121,
        "observable": 13,
        "days_observed": 2,
        "observable_value": "True"
    }
},
{
    "model": "uploader.observation",
    "pk": 23245,
    "fields": {
        "created_at": "2013-09-06T00:00:00+00:00",
        "updated_at": "2013-09-06T00:00:00+00:00",
        "visit": 1121,
        "observable": 14,
        "days_observed": 2,
        "observable_value": "True"
    }
},
{
    "model": "uploader.observation",
    "pk": 23246,
    "fields": {
        "created_at": "2013-09-06T00:00:00+00:00",
        "updated_at": "2013-09-06T00:00:00+00:00",
        "visit": 1121,
        "observable": 15,
        "days_observed": 2,
        "observable_value": "False"
    }
},
{
    "model": "uploader.observation",
    "pk": 23247,
    "fields": {
        "created_at": "2013-09-06T00:00:00+00:00",
        "updated_at": "2013-09-06T00:00:00+00:00",
        "visit": 1121,
        "observable": 16,
        "days_observed": 2,
        "observable_value": "True"
    }
},
{
    "model": "uploader.observation",
    "pk": 23248,
    "fields": {
        "created_at": "2013-09-06T00:00:00+00:00",
        "updated_at": "2013-09-06T00:00:00+00:00",
        "visit": 1121,
        "observable": 17,
        "days_observed": 2,
        "observable_value": "False"
    }
},
{
    "model": "uploader.observation",
    "pk": 23249,
    "fields": {
        "created_at": "2013-09-06T00:00:00+00:00",
        "updated_at": "2013-09-06T00:00:00+00:00",
        "visit": 1121,
        "observable": 18,
        "days_observed": 2,
        "observable_value": "False"
    }
},
{
    "model": "uploader.observation",
    "pk": 23250,
    "fields": {
        "created_at": "2013-09-06T00:00:00+00:00",
        "updated_at": "2013-09-06T00:00:00+00:00",
        "visit": 1121,
        "observable": 19,
        "days_observed": 2,
        "observable_value": "False"
    }
},
{
    "model": "uploader.observation",
    "pk": 23251,
    "fields": {
        "created_at": "2013-09-06T00:00:00+00:00",
        "updated_at": "2013-09-06T00:00:00+00:00",
        "visit": 1121,
        "observable": 20,
        "days_observed": 2,
        "observable_value": "False"
    }
},
{
    "model": "uploader.observation",
    "pk": 23252,
    "fields": {
        "created_at": "2013-09-06T00:00:00+00:00",
        "updated_at": "2013-09-06T00:00:00+00:00",
        "visit": 1121,
        "observable": 21,
        "days_observed": 2,
        "observable_value": "False"
    }
},
{
    "model": "uploader.observation",
    "pk": 23253,
    "fields": {
        "created_at": "2013-09-06T00:00:00+00:00",
        "updated_at": "2013-09-06T00:00:00+00:00",
        "visit": 1121,
        "observable": 22,
        "days_observed": 2,
        "observable_value": "False"
    }
},
{
    "model": "uploader.observation",
    "pk": 23254,
    "fields": {
        "created_at": "2013-09-06T00:00:00+00:00",
        "updated_at": "2013-09-06T00:00:00+00:00",
        "visit": 1122,
        "observable": 3,
        "days_observed": 3,
        "observable_value": "Negative"
    }
},
{
    "model": "uploader.observation",
    "pk": 23255,
    "fields": {
        "created_at": "2013-09-06T00:00:00+00:00",
        "updated_at": "2013-09-06T00:00:00+00:00",
        "visit": 1122,
        "observable": 4,
        "days_observed": 3,
        "observable_value": "False"
    }
},
{
    "model": "uploader.observation",
    "pk": 23256,
    "fields": {
        "created_at": "2013-09-06T00:00:00+00:00",
        "updated_at": "2013-09-06T00:00:00+00:00",
        "visit": 1122,
        "observable": 5,
        "days_observed": 3,
        "observable_value": "False"
    }
},
{
    "model": "uploader.observation",
    "pk": 23257,
    "fields": {
        "created_at": "2013-09-06T00:00:00+00:00",
        "updated_at": "2013-09-06T00:00:00+00:00",
        "visit": 1122,
        "observable": 6,
        "days_observed": 3,
        "observable_value": "False"
    }
},
{
    "model": "uploader.observation",
    "pk": 23258,
    "fields": {
        "created_at": "2013-09-06T00:00:00+00:00",
        "updated_at": "2013-09-06T00:00:00+00:00",
        "visit": 1122,
        "observable": 7,
        "days_observed": 3,
        "observable_value": "False"
    }
},
{
    "model": "uploader.observation",
    "pk": 23259,
    "fields": {
        "created_at": "2013-09-06T00:00:00+00:00",
        "updated_at": "2013-09-06T00:00:00+00:00",
        "visit": 1122,
        "observable": 8,
        "days_observed": 3,
        "observable_value": "True"
    }
},
{
    "model": "uploader.observation",
    "pk": 23260,
    "fields": {
        "created_at": "2013-09-06T00:00:00+00:00",
        "updated_at": "2013-09-06T00:00:00+00:00",
        "visit": 1122,
        "observable": 9,
        "days_observed": 3,
        "observable_value": "True"
    }
},
{
    "model": "uploader.observation",
    "pk": 23261,
    "fields": {
        "created_at": "2013-09-06T00:00:00+00:00",
        "updated_at": "2013-09-06T00:00:00+00:00",
        "visit": 1122,
        "observable": 10,
        "days_observed": 3,
        "observable_value": "False"
    }
},
{
    "model": "uploader.observation",
    "pk": 23262,
    "fields": {
        "created_at": "2013-09-06T00:00:00+00:00",
        "updated_at": "2013-09-06T00:00:00+00:00",
        "visit": 1122,
        "observable": 11,
        "days_observed": 3,
        "observable_value": "False"
    }
},
{
    "model": "uploader.observation",
    "pk": 23263,
    "fields": {
        "created_at": "2013-09-06T00:00:00+00:00",
        "updated_at": "2013-09-06T00:00:00+00:00",
        "visit": 1122,
        "observable": 12,
        "days_observed": 3,
        "observable_value": "False"
    }
},
{
    "model": "uploader.observation",
    "pk": 23264,
    "fields": {
        "created_at": "2013-09-06T00:00:00+00:00",
        "updated_at": "2013-09-06T00:00:00+00:00",
        "visit": 1122,
        "observable": 13,
        "days_observed": 3,
        "observable_value": "False"
    }
},
{
    "model": "uploader.observation",
    "pk": 23265,
    "fields": {
        "created_at": "2013-09-06T00:00:00+00:00",
        "updated_at": "2013-09-06T00:00:00+00:00",
        "visit": 1122,
        "observable": 14,
        "days_observed": 3,
        "observable_value": "False"
    }
},
{
    "model": "uploader.observation",
    "pk": 23266,
    "fields": {
        "created_at": "2013-09-06T00:00:00+00:00",
        "updated_at": "2013-09-06T00:00:00+00:00",
        "visit": 1122,
        "observable": 15,
        "days_observed": 3,
        "observable_value": "False"
    }
},
{
    "model": "uploader.observation",
    "pk": 23267,
    "fields": {
        "created_at": "2013-09-06T00:00:00+00:00",
        "updated_at": "2013-09-06T00:00:00+00:00",
        "visit": 1122,
        "observable": 16,
        "days_observed": 3,
        "observable_value": "False"
    }
},
{
    "model": "uploader.observation",
    "pk": 23268,
    "fields": {
        "created_at": "2013-09-06T00:00:00+00:00",
        "updated_at": "2013-09-06T00:00:00+00:00",
        "visit": 1122,
        "observable": 17,
        "days_observed": 3,
        "observable_value": "False"
    }
},
{
    "model": "uploader.observation",
    "pk": 23269,
    "fields": {
        "created_at": "2013-09-06T00:00:00+00:00",
        "updated_at": "2013-09-06T00:00:00+00:00",
        "visit": 1122,
        "observable": 18,
        "days_observed": 3,
        "observable_value": "False"
    }
},
{
    "model": "uploader.observation",
    "pk": 23270,
    "fields": {
        "created_at": "2013-09-06T00:00:00+00:00",
        "updated_at": "2013-09-06T00:00:00+00:00",
        "visit": 1122,
        "observable": 19,
        "days_observed": 3,
        "observable_value": "False"
    }
},
{
    "model": "uploader.observation",
    "pk": 23271,
    "fields": {
        "created_at": "2013-09-06T00:00:00+00:00",
        "updated_at": "2013-09-06T00:00:00+00:00",
        "visit": 1122,
        "observable": 20,
        "days_observed": 3,
        "observable_value": "False"
    }
},
{
    "model": "uploader.observation",
    "pk": 23272,
    "fields": {
        "created_at": "2013-09-06T00:00:00+00:00",
        "updated_at": "2013-09-06T00:00:00+00:00",
        "visit": 1122,
        "observable": 21,
        "days_observed": 3,
        "observable_value": "False"
    }
},
{
    "model": "uploader.observation",
    "pk": 23273,
    "fields": {
        "created_at": "2013-09-06T00:00:00+00:00",
        "updated_at": "2013-09-06T00:00:00+00:00",
        "visit": 1122,
        "observable": 22,
        "days_observed": 3,
        "observable_value": "False"
    }
},
{
    "model": "uploader.observation",
    "pk": 23274,
    "fields": {
        "created_at": "2013-09-06T00:00:00+00:00",
        "updated_at": "2013-09-06T00:00:00+00:00",
        "visit": 1123,
        "observable": 1,
        "days_observed": null,
        "observable_value": "24.8"
    }
},
{
    "model": "uploader.observation",
    "pk": 23275,
    "fields": {
        "created_at": "2013-09-06T00:00:00+00:00",
        "updated_at": "2013-09-06T00:00:00+00:00",
        "visit": 1123,
        "observable": 2,
        "days_observed": null,
        "observable_value": "24.8"
    }
},
{
    "model": "uploader.observation",
    "pk": 23276,
    "fields": {
        "created_at": "2013-09-06T00:00:00+00:00",
        "updated_at": "2013-09-06T00:00:00+00:00",
        "visit": 1123,
        "observable": 3,
        "days_observed": null,
        "observable_value": "Positive"
    }
},
{
    "model": "uploader.observation",
    "pk": 23277,
    "fields": {
        "created_at": "2013-09-06T00:00:00+00:00",
        "updated_at": "2013-09-06T00:00:00+00:00",
        "visit": 1123,
        "observable": 4,
        "days_observed": null,
        "observable_value": "False"
    }
},
{
    "model": "uploader.observation",
    "pk": 23278,
    "fields": {
        "created_at": "2013-09-06T00:00:00+00:00",
        "updated_at": "2013-09-06T00:00:00+00:00",
        "visit": 1123,
        "observable": 5,
        "days_observed": null,
        "observable_value": "False"
    }
},
{
    "model": "uploader.observation",
    "pk": 23279,
    "fields": {
        "created_at": "2013-09-06T00:00:00+00:00",
        "updated_at": "2013-09-06T00:00:00+00:00",
        "visit": 1123,
        "observable": 6,
        "days_observed": null,
        "observable_value": "False"
    }
},
{
    "model": "uploader.observation",
    "pk": 23280,
    "fields": {
        "created_at": "2013-09-06T00:00:00+00:00",
        "updated_at": "2013-09-06T00:00:00+00:00",
        "visit": 1123,
        "observable": 7,
        "days_observed": null,
        "observable_value": "False"
    }
},
{
    "model": "uploader.observation",
    "pk": 23281,
    "fields": {
        "created_at": "2013-09-06T00:00:00+00:00",
        "updated_at": "2013-09-06T00:00:00+00:00",
        "visit": 1123,
        "observable": 8,
        "days_observed": null,
        "observable_value": "False"
    }
},
{
    "model": "uploader.observation",
    "pk": 23282,
    "fields": {
        "created_at": "2013-09-06T00:00:00+00:00",
        "updated_at": "2013-09-06T00:00:00+00:00",
        "visit": 1123,
        "observable": 9,
        "days_observed": null,
        "observable_value": "False"
    }
},
{
    "model": "uploader.observation",
    "pk": 23283,
    "fields": {
        "created_at": "2013-09-06T00:00:00+00:00",
        "updated_at": "2013-09-06T00:00:00+00:00",
        "visit": 1123,
        "observable": 10,
        "days_observed": null,
        "observable_value": "False"
    }
},
{
    "model": "uploader.observation",
    "pk": 23284,
    "fields": {
        "created_at": "2013-09-06T00:00:00+00:00",
        "updated_at": "2013-09-06T00:00:00+00:00",
        "visit": 1123,
        "observable": 11,
        "days_observed": null,
        "observable_value": "False"
    }
},
{
    "model": "uploader.observation",
    "pk": 23285,
    "fields": {
        "created_at": "2013-09-06T00:00:00+00:00",
        "updated_at": "2013-09-06T00:00:00+00:00",
        "visit": 1123,
        "observable": 12,
        "days_observed": null,
        "observable_value": "False"
    }
},
{
    "model": "uploader.observation",
    "pk": 23286,
    "fields": {
        "created_at": "2013-09-06T00:00:00+00:00",
        "updated_at": "2013-09-06T00:00:00+00:00",
        "visit": 1123,
        "observable": 13,
        "days_observed": null,
        "observable_value": "False"
    }
},
{
    "model": "uploader.observation",
    "pk": 23287,
    "fields": {
        "created_at": "2013-09-06T00:00:00+00:00",
        "updated_at": "2013-09-06T00:00:00+00:00",
        "visit": 1123,
        "observable": 14,
        "days_observed": null,
        "observable_value": "False"
    }
},
{
    "model": "uploader.observation",
    "pk": 23288,
    "fields": {
        "created_at": "2013-09-06T00:00:00+00:00",
        "updated_at": "2013-09-06T00:00:00+00:00",
        "visit": 1123,
        "observable": 15,
        "days_observed": null,
        "observable_value": "False"
    }
},
{
    "model": "uploader.observation",
    "pk": 23289,
    "fields": {
        "created_at": "2013-09-06T00:00:00+00:00",
        "updated_at": "2013-09-06T00:00:00+00:00",
        "visit": 1123,
        "observable": 16,
        "days_observed": null,
        "observable_value": "False"
    }
},
{
    "model": "uploader.observation",
    "pk": 23290,
    "fields": {
        "created_at": "2013-09-06T00:00:00+00:00",
        "updated_at": "2013-09-06T00:00:00+00:00",
        "visit": 1123,
        "observable": 17,
        "days_observed": null,
        "observable_value": "False"
    }
},
{
    "model": "uploader.observation",
    "pk": 23291,
    "fields": {
        "created_at": "2013-09-06T00:00:00+00:00",
        "updated_at": "2013-09-06T00:00:00+00:00",
        "visit": 1123,
        "observable": 18,
        "days_observed": null,
        "observable_value": "False"
    }
},
{
    "model": "uploader.observation",
    "pk": 23292,
    "fields": {
        "created_at": "2013-09-06T00:00:00+00:00",
        "updated_at": "2013-09-06T00:00:00+00:00",
        "visit": 1123,
        "observable": 19,
        "days_observed": null,
        "observable_value": "False"
    }
},
{
    "model": "uploader.observation",
    "pk": 23293,
    "fields": {
        "created_at": "2013-09-06T00:00:00+00:00",
        "updated_at": "2013-09-06T00:00:00+00:00",
        "visit": 1123,
        "observable": 20,
        "days_observed": null,
        "observable_value": "False"
    }
},
{
    "model": "uploader.observation",
    "pk": 23294,
    "fields": {
        "created_at": "2013-09-06T00:00:00+00:00",
        "updated_at": "2013-09-06T00:00:00+00:00",
        "visit": 1123,
        "observable": 21,
        "days_observed": null,
        "observable_value": "False"
    }
},
{
    "model": "uploader.observation",
    "pk": 23295,
    "fields": {
        "created_at": "2013-09-06T00:00:00+00:00",
        "updated_at": "2013-09-06T00:00:00+00:00",
        "visit": 1123,
        "observable": 22,
        "days_observed": null,
        "observable_value": "False"
    }
},
{
    "model": "uploader.observation",
    "pk": 23296,
    "fields": {
        "created_at": "2013-09-06T00:00:00+00:00",
        "updated_at": "2013-09-06T00:00:00+00:00",
        "visit": 1124,
        "observable": 1,
        "days_observed": 3,
        "observable_value": "18.18"
    }
},
{
    "model": "uploader.observation",
    "pk": 23297,
    "fields": {
        "created_at": "2013-09-06T00:00:00+00:00",
        "updated_at": "2013-09-06T00:00:00+00:00",
        "visit": 1124,
        "observable": 2,
        "days_observed": 3,
        "observable_value": "18.18"
    }
},
{
    "model": "uploader.observation",
    "pk": 23298,
    "fields": {
        "created_at": "2013-09-06T00:00:00+00:00",
        "updated_at": "2013-09-06T00:00:00+00:00",
        "visit": 1124,
        "observable": 3,
        "days_observed": 3,
        "observable_value": "Positive"
    }
},
{
    "model": "uploader.observation",
    "pk": 23299,
    "fields": {
        "created_at": "2013-09-06T00:00:00+00:00",
        "updated_at": "2013-09-06T00:00:00+00:00",
        "visit": 1124,
        "observable": 4,
        "days_observed": 3,
        "observable_value": "False"
    }
},
{
    "model": "uploader.observation",
    "pk": 23300,
    "fields": {
        "created_at": "2013-09-06T00:00:00+00:00",
        "updated_at": "2013-09-06T00:00:00+00:00",
        "visit": 1124,
        "observable": 5,
        "days_observed": 3,
        "observable_value": "True"
    }
},
{
    "model": "uploader.observation",
    "pk": 23301,
    "fields": {
        "created_at": "2013-09-06T00:00:00+00:00",
        "updated_at": "2013-09-06T00:00:00+00:00",
        "visit": 1124,
        "observable": 6,
        "days_observed": 3,
        "observable_value": "False"
    }
},
{
    "model": "uploader.observation",
    "pk": 23302,
    "fields": {
        "created_at": "2013-09-06T00:00:00+00:00",
        "updated_at": "2013-09-06T00:00:00+00:00",
        "visit": 1124,
        "observable": 7,
        "days_observed": 3,
        "observable_value": "False"
    }
},
{
    "model": "uploader.observation",
    "pk": 23303,
    "fields": {
        "created_at": "2013-09-06T00:00:00+00:00",
        "updated_at": "2013-09-06T00:00:00+00:00",
        "visit": 1124,
        "observable": 8,
        "days_observed": 3,
        "observable_value": "True"
    }
},
{
    "model": "uploader.observation",
    "pk": 23304,
    "fields": {
        "created_at": "2013-09-06T00:00:00+00:00",
        "updated_at": "2013-09-06T00:00:00+00:00",
        "visit": 1124,
        "observable": 9,
        "days_observed": 3,
        "observable_value": "False"
    }
},
{
    "model": "uploader.observation",
    "pk": 23305,
    "fields": {
        "created_at": "2013-09-06T00:00:00+00:00",
        "updated_at": "2013-09-06T00:00:00+00:00",
        "visit": 1124,
        "observable": 10,
        "days_observed": 3,
        "observable_value": "True"
    }
},
{
    "model": "uploader.observation",
    "pk": 23306,
    "fields": {
        "created_at": "2013-09-06T00:00:00+00:00",
        "updated_at": "2013-09-06T00:00:00+00:00",
        "visit": 1124,
        "observable": 11,
        "days_observed": 3,
        "observable_value": "False"
    }
},
{
    "model": "uploader.observation",
    "pk": 23307,
    "fields": {
        "created_at": "2013-09-06T00:00:00+00:00",
        "updated_at": "2013-09-06T00:00:00+00:00",
        "visit": 1124,
        "observable": 12,
        "days_observed": 3,
        "observable_value": "False"
    }
},
{
    "model": "uploader.observation",
    "pk": 23308,
    "fields": {
        "created_at": "2013-09-06T00:00:00+00:00",
        "updated_at": "2013-09-06T00:00:00+00:00",
        "visit": 1124,
        "observable": 13,
        "days_observed": 3,
        "observable_value": "False"
    }
},
{
    "model": "uploader.observation",
    "pk": 23309,
    "fields": {
        "created_at": "2013-09-06T00:00:00+00:00",
        "updated_at": "2013-09-06T00:00:00+00:00",
        "visit": 1124,
        "observable": 14,
        "days_observed": 3,
        "observable_value": "True"
    }
},
{
    "model": "uploader.observation",
    "pk": 23310,
    "fields": {
        "created_at": "2013-09-06T00:00:00+00:00",
        "updated_at": "2013-09-06T00:00:00+00:00",
        "visit": 1124,
        "observable": 15,
        "days_observed": 3,
        "observable_value": "False"
    }
},
{
    "model": "uploader.observation",
    "pk": 23311,
    "fields": {
        "created_at": "2013-09-06T00:00:00+00:00",
        "updated_at": "2013-09-06T00:00:00+00:00",
        "visit": 1124,
        "observable": 16,
        "days_observed": 3,
        "observable_value": "False"
    }
},
{
    "model": "uploader.observation",
    "pk": 23312,
    "fields": {
        "created_at": "2013-09-06T00:00:00+00:00",
        "updated_at": "2013-09-06T00:00:00+00:00",
        "visit": 1124,
        "observable": 17,
        "days_observed": 3,
        "observable_value": "False"
    }
},
{
    "model": "uploader.observation",
    "pk": 23313,
    "fields": {
        "created_at": "2013-09-06T00:00:00+00:00",
        "updated_at": "2013-09-06T00:00:00+00:00",
        "visit": 1124,
        "observable": 18,
        "days_observed": 3,
        "observable_value": "False"
    }
},
{
    "model": "uploader.observation",
    "pk": 23314,
    "fields": {
        "created_at": "2013-09-06T00:00:00+00:00",
        "updated_at": "2013-09-06T00:00:00+00:00",
        "visit": 1124,
        "observable": 19,
        "days_observed": 3,
        "observable_value": "False"
    }
},
{
    "model": "uploader.observation",
    "pk": 23315,
    "fields": {
        "created_at": "2013-09-06T00:00:00+00:00",
        "updated_at": "2013-09-06T00:00:00+00:00",
        "visit": 1124,
        "observable": 20,
        "days_observed": 3,
        "observable_value": "False"
    }
},
{
    "model": "uploader.observation",
    "pk": 23316,
    "fields": {
        "created_at": "2013-09-06T00:00:00+00:00",
        "updated_at": "2013-09-06T00:00:00+00:00",
        "visit": 1124,
        "observable": 21,
        "days_observed": 3,
        "observable_value": "False"
    }
},
{
    "model": "uploader.observation",
    "pk": 23317,
    "fields": {
        "created_at": "2013-09-06T00:00:00+00:00",
        "updated_at": "2013-09-06T00:00:00+00:00",
        "visit": 1124,
        "observable": 22,
        "days_observed": 3,
        "observable_value": "False"
    }
},
{
    "model": "uploader.observation",
    "pk": 23318,
    "fields": {
        "created_at": "2013-09-06T00:00:00+00:00",
        "updated_at": "2013-09-06T00:00:00+00:00",
        "visit": 1125,
        "observable": 3,
        "days_observed": 5,
        "observable_value": "Negative"
    }
},
{
    "model": "uploader.observation",
    "pk": 23319,
    "fields": {
        "created_at": "2013-09-06T00:00:00+00:00",
        "updated_at": "2013-09-06T00:00:00+00:00",
        "visit": 1125,
        "observable": 4,
        "days_observed": 5,
        "observable_value": "False"
    }
},
{
    "model": "uploader.observation",
    "pk": 23320,
    "fields": {
        "created_at": "2013-09-06T00:00:00+00:00",
        "updated_at": "2013-09-06T00:00:00+00:00",
        "visit": 1125,
        "observable": 5,
        "days_observed": 5,
        "observable_value": "True"
    }
},
{
    "model": "uploader.observation",
    "pk": 23321,
    "fields": {
        "created_at": "2013-09-06T00:00:00+00:00",
        "updated_at": "2013-09-06T00:00:00+00:00",
        "visit": 1125,
        "observable": 6,
        "days_observed": 5,
        "observable_value": "False"
    }
},
{
    "model": "uploader.observation",
    "pk": 23322,
    "fields": {
        "created_at": "2013-09-06T00:00:00+00:00",
        "updated_at": "2013-09-06T00:00:00+00:00",
        "visit": 1125,
        "observable": 7,
        "days_observed": 5,
        "observable_value": "False"
    }
},
{
    "model": "uploader.observation",
    "pk": 23323,
    "fields": {
        "created_at": "2013-09-06T00:00:00+00:00",
        "updated_at": "2013-09-06T00:00:00+00:00",
        "visit": 1125,
        "observable": 8,
        "days_observed": 5,
        "observable_value": "True"
    }
},
{
    "model": "uploader.observation",
    "pk": 23324,
    "fields": {
        "created_at": "2013-09-06T00:00:00+00:00",
        "updated_at": "2013-09-06T00:00:00+00:00",
        "visit": 1125,
        "observable": 9,
        "days_observed": 5,
        "observable_value": "True"
    }
},
{
    "model": "uploader.observation",
    "pk": 23325,
    "fields": {
        "created_at": "2013-09-06T00:00:00+00:00",
        "updated_at": "2013-09-06T00:00:00+00:00",
        "visit": 1125,
        "observable": 10,
        "days_observed": 5,
        "observable_value": "True"
    }
},
{
    "model": "uploader.observation",
    "pk": 23326,
    "fields": {
        "created_at": "2013-09-06T00:00:00+00:00",
        "updated_at": "2013-09-06T00:00:00+00:00",
        "visit": 1125,
        "observable": 11,
        "days_observed": 5,
        "observable_value": "False"
    }
},
{
    "model": "uploader.observation",
    "pk": 23327,
    "fields": {
        "created_at": "2013-09-06T00:00:00+00:00",
        "updated_at": "2013-09-06T00:00:00+00:00",
        "visit": 1125,
        "observable": 12,
        "days_observed": 5,
        "observable_value": "True"
    }
},
{
    "model": "uploader.observation",
    "pk": 23328,
    "fields": {
        "created_at": "2013-09-06T00:00:00+00:00",
        "updated_at": "2013-09-06T00:00:00+00:00",
        "visit": 1125,
        "observable": 13,
        "days_observed": 5,
        "observable_value": "True"
    }
},
{
    "model": "uploader.observation",
    "pk": 23329,
    "fields": {
        "created_at": "2013-09-06T00:00:00+00:00",
        "updated_at": "2013-09-06T00:00:00+00:00",
        "visit": 1125,
        "observable": 14,
        "days_observed": 5,
        "observable_value": "True"
    }
},
{
    "model": "uploader.observation",
    "pk": 23330,
    "fields": {
        "created_at": "2013-09-06T00:00:00+00:00",
        "updated_at": "2013-09-06T00:00:00+00:00",
        "visit": 1125,
        "observable": 15,
        "days_observed": 5,
        "observable_value": "False"
    }
},
{
    "model": "uploader.observation",
    "pk": 23331,
    "fields": {
        "created_at": "2013-09-06T00:00:00+00:00",
        "updated_at": "2013-09-06T00:00:00+00:00",
        "visit": 1125,
        "observable": 16,
        "days_observed": 5,
        "observable_value": "False"
    }
},
{
    "model": "uploader.observation",
    "pk": 23332,
    "fields": {
        "created_at": "2013-09-06T00:00:00+00:00",
        "updated_at": "2013-09-06T00:00:00+00:00",
        "visit": 1125,
        "observable": 17,
        "days_observed": 5,
        "observable_value": "False"
    }
},
{
    "model": "uploader.observation",
    "pk": 23333,
    "fields": {
        "created_at": "2013-09-06T00:00:00+00:00",
        "updated_at": "2013-09-06T00:00:00+00:00",
        "visit": 1125,
        "observable": 18,
        "days_observed": 5,
        "observable_value": "False"
    }
},
{
    "model": "uploader.observation",
    "pk": 23334,
    "fields": {
        "created_at": "2013-09-06T00:00:00+00:00",
        "updated_at": "2013-09-06T00:00:00+00:00",
        "visit": 1125,
        "observable": 19,
        "days_observed": 5,
        "observable_value": "False"
    }
},
{
    "model": "uploader.observation",
    "pk": 23335,
    "fields": {
        "created_at": "2013-09-06T00:00:00+00:00",
        "updated_at": "2013-09-06T00:00:00+00:00",
        "visit": 1125,
        "observable": 20,
        "days_observed": 5,
        "observable_value": "False"
    }
},
{
    "model": "uploader.observation",
    "pk": 23336,
    "fields": {
        "created_at": "2013-09-06T00:00:00+00:00",
        "updated_at": "2013-09-06T00:00:00+00:00",
        "visit": 1125,
        "observable": 21,
        "days_observed": 5,
        "observable_value": "False"
    }
},
{
    "model": "uploader.observation",
    "pk": 23337,
    "fields": {
        "created_at": "2013-09-06T00:00:00+00:00",
        "updated_at": "2013-09-06T00:00:00+00:00",
        "visit": 1125,
        "observable": 22,
        "days_observed": 5,
        "observable_value": "False"
    }
},
{
    "model": "uploader.observation",
    "pk": 23338,
    "fields": {
        "created_at": "2013-09-06T00:00:00+00:00",
        "updated_at": "2013-09-06T00:00:00+00:00",
        "visit": 1126,
        "observable": 3,
        "days_observed": 11,
        "observable_value": "Negative"
    }
},
{
    "model": "uploader.observation",
    "pk": 23339,
    "fields": {
        "created_at": "2013-09-06T00:00:00+00:00",
        "updated_at": "2013-09-06T00:00:00+00:00",
        "visit": 1126,
        "observable": 4,
        "days_observed": 11,
        "observable_value": "False"
    }
},
{
    "model": "uploader.observation",
    "pk": 23340,
    "fields": {
        "created_at": "2013-09-06T00:00:00+00:00",
        "updated_at": "2013-09-06T00:00:00+00:00",
        "visit": 1126,
        "observable": 5,
        "days_observed": 11,
        "observable_value": "False"
    }
},
{
    "model": "uploader.observation",
    "pk": 23341,
    "fields": {
        "created_at": "2013-09-06T00:00:00+00:00",
        "updated_at": "2013-09-06T00:00:00+00:00",
        "visit": 1126,
        "observable": 6,
        "days_observed": 11,
        "observable_value": "False"
    }
},
{
    "model": "uploader.observation",
    "pk": 23342,
    "fields": {
        "created_at": "2013-09-06T00:00:00+00:00",
        "updated_at": "2013-09-06T00:00:00+00:00",
        "visit": 1126,
        "observable": 7,
        "days_observed": 11,
        "observable_value": "False"
    }
},
{
    "model": "uploader.observation",
    "pk": 23343,
    "fields": {
        "created_at": "2013-09-06T00:00:00+00:00",
        "updated_at": "2013-09-06T00:00:00+00:00",
        "visit": 1126,
        "observable": 8,
        "days_observed": 11,
        "observable_value": "True"
    }
},
{
    "model": "uploader.observation",
    "pk": 23344,
    "fields": {
        "created_at": "2013-09-06T00:00:00+00:00",
        "updated_at": "2013-09-06T00:00:00+00:00",
        "visit": 1126,
        "observable": 9,
        "days_observed": 11,
        "observable_value": "False"
    }
},
{
    "model": "uploader.observation",
    "pk": 23345,
    "fields": {
        "created_at": "2013-09-06T00:00:00+00:00",
        "updated_at": "2013-09-06T00:00:00+00:00",
        "visit": 1126,
        "observable": 10,
        "days_observed": 11,
        "observable_value": "True"
    }
},
{
    "model": "uploader.observation",
    "pk": 23346,
    "fields": {
        "created_at": "2013-09-06T00:00:00+00:00",
        "updated_at": "2013-09-06T00:00:00+00:00",
        "visit": 1126,
        "observable": 11,
        "days_observed": 11,
        "observable_value": "False"
    }
},
{
    "model": "uploader.observation",
    "pk": 23347,
    "fields": {
        "created_at": "2013-09-06T00:00:00+00:00",
        "updated_at": "2013-09-06T00:00:00+00:00",
        "visit": 1126,
        "observable": 12,
        "days_observed": 11,
        "observable_value": "False"
    }
},
{
    "model": "uploader.observation",
    "pk": 23348,
    "fields": {
        "created_at": "2013-09-06T00:00:00+00:00",
        "updated_at": "2013-09-06T00:00:00+00:00",
        "visit": 1126,
        "observable": 13,
        "days_observed": 11,
        "observable_value": "False"
    }
},
{
    "model": "uploader.observation",
    "pk": 23349,
    "fields": {
        "created_at": "2013-09-06T00:00:00+00:00",
        "updated_at": "2013-09-06T00:00:00+00:00",
        "visit": 1126,
        "observable": 14,
        "days_observed": 11,
        "observable_value": "False"
    }
},
{
    "model": "uploader.observation",
    "pk": 23350,
    "fields": {
        "created_at": "2013-09-06T00:00:00+00:00",
        "updated_at": "2013-09-06T00:00:00+00:00",
        "visit": 1126,
        "observable": 15,
        "days_observed": 11,
        "observable_value": "False"
    }
},
{
    "model": "uploader.observation",
    "pk": 23351,
    "fields": {
        "created_at": "2013-09-06T00:00:00+00:00",
        "updated_at": "2013-09-06T00:00:00+00:00",
        "visit": 1126,
        "observable": 16,
        "days_observed": 11,
        "observable_value": "False"
    }
},
{
    "model": "uploader.observation",
    "pk": 23352,
    "fields": {
        "created_at": "2013-09-06T00:00:00+00:00",
        "updated_at": "2013-09-06T00:00:00+00:00",
        "visit": 1126,
        "observable": 17,
        "days_observed": 11,
        "observable_value": "False"
    }
},
{
    "model": "uploader.observation",
    "pk": 23353,
    "fields": {
        "created_at": "2013-09-06T00:00:00+00:00",
        "updated_at": "2013-09-06T00:00:00+00:00",
        "visit": 1126,
        "observable": 18,
        "days_observed": 11,
        "observable_value": "False"
    }
},
{
    "model": "uploader.observation",
    "pk": 23354,
    "fields": {
        "created_at": "2013-09-06T00:00:00+00:00",
        "updated_at": "2013-09-06T00:00:00+00:00",
        "visit": 1126,
        "observable": 19,
        "days_observed": 11,
        "observable_value": "True"
    }
},
{
    "model": "uploader.observation",
    "pk": 23355,
    "fields": {
        "created_at": "2013-09-06T00:00:00+00:00",
        "updated_at": "2013-09-06T00:00:00+00:00",
        "visit": 1126,
        "observable": 20,
        "days_observed": 11,
        "observable_value": "False"
    }
},
{
    "model": "uploader.observation",
    "pk": 23356,
    "fields": {
        "created_at": "2013-09-06T00:00:00+00:00",
        "updated_at": "2013-09-06T00:00:00+00:00",
        "visit": 1126,
        "observable": 21,
        "days_observed": 11,
        "observable_value": "False"
    }
},
{
    "model": "uploader.observation",
    "pk": 23357,
    "fields": {
        "created_at": "2013-09-06T00:00:00+00:00",
        "updated_at": "2013-09-06T00:00:00+00:00",
        "visit": 1126,
        "observable": 22,
        "days_observed": 11,
        "observable_value": "False"
    }
},
{
    "model": "uploader.observation",
    "pk": 23358,
    "fields": {
        "created_at": "2013-09-06T00:00:00+00:00",
        "updated_at": "2013-09-06T00:00:00+00:00",
        "visit": 1127,
        "observable": 3,
        "days_observed": 12,
        "observable_value": "Negative"
    }
},
{
    "model": "uploader.observation",
    "pk": 23359,
    "fields": {
        "created_at": "2013-09-06T00:00:00+00:00",
        "updated_at": "2013-09-06T00:00:00+00:00",
        "visit": 1127,
        "observable": 4,
        "days_observed": 12,
        "observable_value": "False"
    }
},
{
    "model": "uploader.observation",
    "pk": 23360,
    "fields": {
        "created_at": "2013-09-06T00:00:00+00:00",
        "updated_at": "2013-09-06T00:00:00+00:00",
        "visit": 1127,
        "observable": 5,
        "days_observed": 12,
        "observable_value": "True"
    }
},
{
    "model": "uploader.observation",
    "pk": 23361,
    "fields": {
        "created_at": "2013-09-06T00:00:00+00:00",
        "updated_at": "2013-09-06T00:00:00+00:00",
        "visit": 1127,
        "observable": 6,
        "days_observed": 12,
        "observable_value": "False"
    }
},
{
    "model": "uploader.observation",
    "pk": 23362,
    "fields": {
        "created_at": "2013-09-06T00:00:00+00:00",
        "updated_at": "2013-09-06T00:00:00+00:00",
        "visit": 1127,
        "observable": 7,
        "days_observed": 12,
        "observable_value": "False"
    }
},
{
    "model": "uploader.observation",
    "pk": 23363,
    "fields": {
        "created_at": "2013-09-06T00:00:00+00:00",
        "updated_at": "2013-09-06T00:00:00+00:00",
        "visit": 1127,
        "observable": 8,
        "days_observed": 12,
        "observable_value": "True"
    }
},
{
    "model": "uploader.observation",
    "pk": 23364,
    "fields": {
        "created_at": "2013-09-06T00:00:00+00:00",
        "updated_at": "2013-09-06T00:00:00+00:00",
        "visit": 1127,
        "observable": 9,
        "days_observed": 12,
        "observable_value": "True"
    }
},
{
    "model": "uploader.observation",
    "pk": 23365,
    "fields": {
        "created_at": "2013-09-06T00:00:00+00:00",
        "updated_at": "2013-09-06T00:00:00+00:00",
        "visit": 1127,
        "observable": 10,
        "days_observed": 12,
        "observable_value": "True"
    }
},
{
    "model": "uploader.observation",
    "pk": 23366,
    "fields": {
        "created_at": "2013-09-06T00:00:00+00:00",
        "updated_at": "2013-09-06T00:00:00+00:00",
        "visit": 1127,
        "observable": 11,
        "days_observed": 12,
        "observable_value": "True"
    }
},
{
    "model": "uploader.observation",
    "pk": 23367,
    "fields": {
        "created_at": "2013-09-06T00:00:00+00:00",
        "updated_at": "2013-09-06T00:00:00+00:00",
        "visit": 1127,
        "observable": 12,
        "days_observed": 12,
        "observable_value": "False"
    }
},
{
    "model": "uploader.observation",
    "pk": 23368,
    "fields": {
        "created_at": "2013-09-06T00:00:00+00:00",
        "updated_at": "2013-09-06T00:00:00+00:00",
        "visit": 1127,
        "observable": 13,
        "days_observed": 12,
        "observable_value": "False"
    }
},
{
    "model": "uploader.observation",
    "pk": 23369,
    "fields": {
        "created_at": "2013-09-06T00:00:00+00:00",
        "updated_at": "2013-09-06T00:00:00+00:00",
        "visit": 1127,
        "observable": 14,
        "days_observed": 12,
        "observable_value": "True"
    }
},
{
    "model": "uploader.observation",
    "pk": 23370,
    "fields": {
        "created_at": "2013-09-06T00:00:00+00:00",
        "updated_at": "2013-09-06T00:00:00+00:00",
        "visit": 1127,
        "observable": 15,
        "days_observed": 12,
        "observable_value": "False"
    }
},
{
    "model": "uploader.observation",
    "pk": 23371,
    "fields": {
        "created_at": "2013-09-06T00:00:00+00:00",
        "updated_at": "2013-09-06T00:00:00+00:00",
        "visit": 1127,
        "observable": 16,
        "days_observed": 12,
        "observable_value": "False"
    }
},
{
    "model": "uploader.observation",
    "pk": 23372,
    "fields": {
        "created_at": "2013-09-06T00:00:00+00:00",
        "updated_at": "2013-09-06T00:00:00+00:00",
        "visit": 1127,
        "observable": 17,
        "days_observed": 12,
        "observable_value": "False"
    }
},
{
    "model": "uploader.observation",
    "pk": 23373,
    "fields": {
        "created_at": "2013-09-06T00:00:00+00:00",
        "updated_at": "2013-09-06T00:00:00+00:00",
        "visit": 1127,
        "observable": 18,
        "days_observed": 12,
        "observable_value": "False"
    }
},
{
    "model": "uploader.observation",
    "pk": 23374,
    "fields": {
        "created_at": "2013-09-06T00:00:00+00:00",
        "updated_at": "2013-09-06T00:00:00+00:00",
        "visit": 1127,
        "observable": 19,
        "days_observed": 12,
        "observable_value": "False"
    }
},
{
    "model": "uploader.observation",
    "pk": 23375,
    "fields": {
        "created_at": "2013-09-06T00:00:00+00:00",
        "updated_at": "2013-09-06T00:00:00+00:00",
        "visit": 1127,
        "observable": 20,
        "days_observed": 12,
        "observable_value": "False"
    }
},
{
    "model": "uploader.observation",
    "pk": 23376,
    "fields": {
        "created_at": "2013-09-06T00:00:00+00:00",
        "updated_at": "2013-09-06T00:00:00+00:00",
        "visit": 1127,
        "observable": 21,
        "days_observed": 12,
        "observable_value": "False"
    }
},
{
    "model": "uploader.observation",
    "pk": 23377,
    "fields": {
        "created_at": "2013-09-06T00:00:00+00:00",
        "updated_at": "2013-09-06T00:00:00+00:00",
        "visit": 1127,
        "observable": 22,
        "days_observed": 12,
        "observable_value": "False"
    }
},
{
    "model": "uploader.observation",
    "pk": 23378,
    "fields": {
        "created_at": "2013-09-06T00:00:00+00:00",
        "updated_at": "2013-09-06T00:00:00+00:00",
        "visit": 1118,
        "observable": 23,
        "observable_value": 21
    }
},
{
    "model": "uploader.observation",
    "pk": 23379,
    "fields": {
        "created_at": "2013-09-06T00:00:00+00:00",
        "updated_at": "2013-09-06T00:00:00+00:00",
        "visit": 1119,
        "observable": 23,
        "observable_value": 97
    }
},
{
    "model": "uploader.observation",
    "pk": 23380,
    "fields": {
        "created_at": "2013-09-06T00:00:00+00:00",
        "updated_at": "2013-09-06T00:00:00+00:00",
        "visit": 1120,
        "observable": 23,
        "observable_value": 6
    }
},
{
    "model": "uploader.observation",
    "pk": 23381,
    "fields": {
        "created_at": "2013-09-06T00:00:00+00:00",
        "updated_at": "2013-09-06T00:00:00+00:00",
        "visit": 1121,
        "observable": 23,
        "observable_value": 44
    }
},
{
    "model": "uploader.observation",
    "pk": 23382,
    "fields": {
        "created_at": "2013-09-06T00:00:00+00:00",
        "updated_at": "2013-09-06T00:00:00+00:00",
        "visit": 1122,
        "observable": 23,
        "observable_value": 55
    }
},
{
    "model": "uploader.observation",
    "pk": 23383,
    "fields": {
        "created_at": "2013-09-06T00:00:00+00:00",
        "updated_at": "2013-09-06T00:00:00+00:00",
        "visit": 1123,
        "observable": 23,
        "observable_value": 22
    }
},
{
    "model": "uploader.observation",
    "pk": 23384,
    "fields": {
        "created_at": "2013-09-06T00:00:00+00:00",
        "updated_at": "2013-09-06T00:00:00+00:00",
        "visit": 1124,
        "observable": 23,
        "observable_value": 17
    }
},
{
    "model": "uploader.observation",
    "pk": 23385,
    "fields": {
        "created_at": "2013-09-06T00:00:00+00:00",
        "updated_at": "2013-09-06T00:00:00+00:00",
        "visit": 1125,
        "observable": 23,
        "observable_value": 57
    }
},
{
    "model": "uploader.observation",
    "pk": 23386,
    "fields": {
        "created_at": "2013-09-06T00:00:00+00:00",
        "updated_at": "2013-09-06T00:00:00+00:00",
        "visit": 1126,
        "observable": 23,
        "observable_value": 9
    }
},
{
    "model": "uploader.observation",
    "pk": 23387,
    "fields": {
        "created_at": "2013-09-06T00:00:00+00:00",
        "updated_at": "2013-09-06T00:00:00+00:00",
        "visit": 1127,
        "observable": 23,
        "observable_value": 31
    }
},
{
    "model": "uploader.observation",
    "pk": 23378,
    "fields": {
        "created_at": "2013-09-06T00:00:00+00:00",
        "updated_at": "2013-09-06T00:00:00+00:00",
        "visit": 1118,
        "observable": 24,
        "observable_value": "man"
    }
},
{
    "model": "uploader.observation",
    "pk": 23379,
    "fields": {
        "created_at": "2013-09-06T00:00:00+00:00",
        "updated_at": "2013-09-06T00:00:00+00:00",
        "visit": 1119,
        "observable": 24,
        "observable_value": "man"
    }
},
{
    "model": "uploader.observation",
    "pk": 23380,
    "fields": {
        "created_at": "2013-09-06T00:00:00+00:00",
        "updated_at": "2013-09-06T00:00:00+00:00",
        "visit": 1120,
        "observable": 24,
        "observable_value": "woman"
    }
},
{
    "model": "uploader.observation",
    "pk": 23381,
    "fields": {
        "created_at": "2013-09-06T00:00:00+00:00",
        "updated_at": "2013-09-06T00:00:00+00:00",
        "visit": 1121,
        "observable": 24,
        "observable_value": "woman"
    }
},
{
    "model": "uploader.observation",
    "pk": 23382,
    "fields": {
        "created_at": "2013-09-06T00:00:00+00:00",
        "updated_at": "2013-09-06T00:00:00+00:00",
        "visit": 1122,
        "observable": 24,
        "observable_value": "woman"
    }
},
{
    "model": "uploader.observation",
    "pk": 23383,
    "fields": {
        "created_at": "2013-09-06T00:00:00+00:00",
        "updated_at": "2013-09-06T00:00:00+00:00",
        "visit": 1123,
        "observable": 24,
        "observable_value": "woman"
    }
},
{
    "model": "uploader.observation",
    "pk": 23384,
    "fields": {
        "created_at": "2013-09-06T00:00:00+00:00",
        "updated_at": "2013-09-06T00:00:00+00:00",
        "visit": 1124,
        "observable": 24,
        "observable_value": "man"
    }
},
{
    "model": "uploader.observation",
    "pk": 23385,
    "fields": {
        "created_at": "2013-09-06T00:00:00+00:00",
        "updated_at": "2013-09-06T00:00:00+00:00",
        "visit": 1125,
        "observable": 24,
        "observable_value": "man"
    }
},
{
    "model": "uploader.observation",
    "pk": 23386,
    "fields": {
        "created_at": "2013-09-06T00:00:00+00:00",
        "updated_at": "2013-09-06T00:00:00+00:00",
        "visit": 1126,
        "observable": 24,
        "observable_value": "man"
    }
},
{
    "model": "uploader.observation",
    "pk": 23387,
    "fields": {
        "created_at": "2013-09-06T00:00:00+00:00",
        "updated_at": "2013-09-06T00:00:00+00:00",
        "visit": 1127,
        "observable": 24,
        "observable_value": "prefer not to state"
    }
},
{
    "model": "uploader.instrument",
    "pk": "4205d8ac-90c1-4529-90b2-6751f665c403",
    "fields": {
      "cid": "",
      "manufacturer": "Agilent",
      "model": "Cary 630",
      "serial_number": "",
      "spectrometer_manufacturer": "",
      "spectrometer_model": "",
      "spectrometer_serial_number": "",
      "laser_manufacturer": "",
      "laser_model": "",
      "laser_serial_number": "",
      "created_at": "2013-09-06T00:00:00+00:00",
      "updated_at": "2013-09-06T00:00:00+00:00"
    }
},
{
    "model": "uploader.biosampletype",
    "pk": 1,
    "fields": {
        "name": "pharyngeal swab",
        "created_at": "2013-09-06T00:00:00+00:00",
        "updated_at": "2013-09-06T00:00:00+00:00"
    }
},
{
    "model": "uploader.biosample",
    "pk": 1117,
    "fields": {
        "created_at": "2013-09-06T00:00:00+00:00",
        "updated_at": "2013-09-06T00:00:00+00:00",
        "visit": 1118,
        "sample_type": 1,
        "sample_processing": "None",
        "freezing_temp": null,
        "thawing_time": null
    }
},
{
    "model": "uploader.biosample",
    "pk": 1118,
    "fields": {
        "created_at": "2013-09-06T00:00:00+00:00",
        "updated_at": "2013-09-06T00:00:00+00:00",
        "visit": 1119,
        "sample_type": 1,
        "sample_processing": "None",
        "freezing_temp": null,
        "thawing_time": null
    }
},
{
    "model": "uploader.biosample",
    "pk": 1119,
    "fields": {
        "created_at": "2013-09-06T00:00:00+00:00",
        "updated_at": "2013-09-06T00:00:00+00:00",
        "visit": 1120,
        "sample_type": 1,
        "sample_processing": "None",
        "freezing_temp": null,
        "thawing_time": null
    }
},
{
    "model": "uploader.biosample",
    "pk": 1120,
    "fields": {
        "created_at": "2013-09-06T00:00:00+00:00",
        "updated_at": "2013-09-06T00:00:00+00:00",
        "visit": 1121,
        "sample_type": 1,
        "sample_processing": "None",
        "freezing_temp": null,
        "thawing_time": null
    }
},
{
    "model": "uploader.biosample",
    "pk": 1121,
    "fields": {
        "created_at": "2013-09-06T00:00:00+00:00",
        "updated_at": "2013-09-06T00:00:00+00:00",
        "visit": 1122,
        "sample_type": 1,
        "sample_processing": "None",
        "freezing_temp": null,
        "thawing_time": null
    }
},
{
    "model": "uploader.biosample",
    "pk": 1122,
    "fields": {
        "created_at": "2013-09-06T00:00:00+00:00",
        "updated_at": "2013-09-06T00:00:00+00:00",
        "visit": 1123,
        "sample_type": 1,
        "sample_processing": "None",
        "freezing_temp": null,
        "thawing_time": null
    }
},
{
    "model": "uploader.biosample",
    "pk": 1123,
    "fields": {
        "created_at": "2013-09-06T00:00:00+00:00",
        "updated_at": "2013-09-06T00:00:00+00:00",
        "visit": 1124,
        "sample_type": 1,
        "sample_processing": "None",
        "freezing_temp": null,
        "thawing_time": null
    }
},
{
    "model": "uploader.biosample",
    "pk": 1124,
    "fields": {
        "created_at": "2013-09-06T00:00:00+00:00",
        "updated_at": "2013-09-06T00:00:00+00:00",
        "visit": 1125,
        "sample_type": 1,
        "sample_processing": "None",
        "freezing_temp": null,
        "thawing_time": null
    }
},
{
    "model": "uploader.biosample",
    "pk": 1125,
    "fields": {
        "created_at": "2013-09-06T00:00:00+00:00",
        "updated_at": "2013-09-06T00:00:00+00:00",
        "visit": 1126,
        "sample_type": 1,
        "sample_processing": "None",
        "freezing_temp": null,
        "thawing_time": null
    }
},
{
    "model": "uploader.biosample",
    "pk": 1126,
    "fields": {
        "created_at": "2013-09-06T00:00:00+00:00",
        "updated_at": "2013-09-06T00:00:00+00:00",
        "visit": 1127,
        "sample_type": 1,
        "sample_processing": "None",
        "freezing_temp": null,
        "thawing_time": null
    }
},
{
    "model": "uploader.spectrameasurementtype",
    "pk": 1,
    "fields": {
        "name": "atr-ftir",
        "created_at": "2013-09-06T00:00:00+00:00",
        "updated_at": "2013-09-06T00:00:00+00:00"
    }
},
{
    "model": "uploader.spectraldata",
    "pk": 1117,
    "fields": {
        "created_at": "2013-09-06T00:00:00+00:00",
        "updated_at": "2013-09-06T00:00:00+00:00",
        "instrument": "4205d8ac-90c1-4529-90b2-6751f665c403",
        "bio_sample": 1117,
        "measurement_type": 1,
        "acquisition_time": null,
        "n_coadditions": 32,
        "resolution": null,
        "data": "spectral_data/class_uploader.models_7GOLfEP.csv"
    }
},
{
    "model": "uploader.spectraldata",
    "pk": 1118,
    "fields": {
        "created_at": "2013-09-06T00:00:00+00:00",
        "updated_at": "2013-09-06T00:00:00+00:00",
        "instrument": "4205d8ac-90c1-4529-90b2-6751f665c403",
        "bio_sample": 1118,
        "measurement_type": 1,
        "acquisition_time": null,
        "n_coadditions": 32,
        "resolution": null,
        "data": "spectral_data/class_uploader.models_02z3Zqt.csv"
    }
},
{
    "model": "uploader.spectraldata",
    "pk": 1119,
    "fields": {
        "created_at": "2013-09-06T00:00:00+00:00",
        "updated_at": "2013-09-06T00:00:00+00:00",
        "instrument": "4205d8ac-90c1-4529-90b2-6751f665c403",
        "bio_sample": 1119,
        "measurement_type": 1,
        "acquisition_time": null,
        "n_coadditions": 32,
        "resolution": null,
        "data": "spectral_data/class_uploader.models_y6CI6Qs.csv"
    }
},
{
    "model": "uploader.spectraldata",
    "pk": 1120,
    "fields": {
        "created_at": "2013-09-06T00:00:00+00:00",
        "updated_at": "2013-09-06T00:00:00+00:00",
        "instrument": "4205d8ac-90c1-4529-90b2-6751f665c403",
        "bio_sample": 1120,
        "measurement_type": 1,
        "acquisition_time": null,
        "n_coadditions": 32,
        "resolution": null,
        "data": "spectral_data/class_uploader.models_8bK4evK.csv"
    }
},
{
    "model": "uploader.spectraldata",
    "pk": 1121,
    "fields": {
        "created_at": "2013-09-06T00:00:00+00:00",
        "updated_at": "2013-09-06T00:00:00+00:00",
        "instrument": "4205d8ac-90c1-4529-90b2-6751f665c403",
        "bio_sample": 1121,
        "measurement_type": 1,
        "acquisition_time": null,
        "n_coadditions": 32,
        "resolution": null,
        "data": "spectral_data/class_uploader.models_83JcnDj.csv"
    }
},
{
    "model": "uploader.spectraldata",
    "pk": 1122,
    "fields": {
        "created_at": "2013-09-06T00:00:00+00:00",
        "updated_at": "2013-09-06T00:00:00+00:00",
        "instrument": "4205d8ac-90c1-4529-90b2-6751f665c403",
        "bio_sample": 1122,
        "measurement_type": 1,
        "acquisition_time": null,
        "n_coadditions": 32,
        "resolution": null,
        "data": "spectral_data/class_uploader.models_oTQYhIJ.csv"
    }
},
{
    "model": "uploader.spectraldata",
    "pk": 1123,
    "fields": {
        "created_at": "2013-09-06T00:00:00+00:00",
        "updated_at": "2013-09-06T00:00:00+00:00",
        "instrument": "4205d8ac-90c1-4529-90b2-6751f665c403",
        "bio_sample": 1123,
        "measurement_type": 1,
        "acquisition_time": null,
        "n_coadditions": 32,
        "resolution": null,
        "data": "spectral_data/class_uploader.models_n8JSA1k.csv"
    }
},
{
    "model": "uploader.spectraldata",
    "pk": 1124,
    "fields": {
        "created_at": "2013-09-06T00:00:00+00:00",
        "updated_at": "2013-09-06T00:00:00+00:00",
        "instrument": "4205d8ac-90c1-4529-90b2-6751f665c403",
        "bio_sample": 1124,
        "measurement_type": 1,
        "acquisition_time": null,
        "n_coadditions": 32,
        "resolution": null,
        "data": "spectral_data/class_uploader.models_xsCNQjJ.csv"
    }
},
{
    "model": "uploader.spectraldata",
    "pk": 1125,
    "fields": {
        "created_at": "2013-09-06T00:00:00+00:00",
        "updated_at": "2013-09-06T00:00:00+00:00",
        "instrument": "4205d8ac-90c1-4529-90b2-6751f665c403",
        "bio_sample": 1125,
        "measurement_type": 1,
        "acquisition_time": null,
        "n_coadditions": 32,
        "resolution": null,
        "data": "spectral_data/class_uploader.models_QkF6GzX.csv"
    }
},
{
    "model": "uploader.spectraldata",
    "pk": 1126,
    "fields": {
        "created_at": "2013-09-06T00:00:00+00:00",
        "updated_at": "2013-09-06T00:00:00+00:00",
        "instrument": "4205d8ac-90c1-4529-90b2-6751f665c403",
        "bio_sample": 1126,
        "measurement_type": 1,
        "acquisition_time": null,
        "n_coadditions": 32,
        "resolution": null,
        "data": "spectral_data/class_uploader.models_qrNWV5h.csv"
    }
}
]
